"""siteid""","""sitename""","""monitordate""","""aqi""","""so2subindex""","""cosubindex""","""o3subindex""","""pm10subindex""","""no2subindex""","""o38subindex""","""pm25subindex"""
32,西屯,2023-01-01,46,2,2,,28,22,31,46
40,朴子,2023-01-01,58,2,2,,36,12,36,58
71,復興,2023-01-01,99,5,9,,61,45,,99
9,林口,2023-01-01,36,0,2,,13,12,36,24
45,安南,2023-01-01,67,2,3,,41,17,31,67
4,新店,2023-01-01,33,0,2,,11,17,33,19
11,士林,2023-01-01,39,2,1,,15,8,39,28
27,三義,2023-01-01,38,2,3,,18,17,31,38
48,橋頭,2023-01-01,82,5,3,,55,25,26,82
28,豐原,2023-01-01,63,5,3,,28,22,16,63
15,松山,2023-01-01,36,2,2,,17,25,36,28
37,斗六,2023-01-01,77,5,5,,44,20,31,77
64,陽明,2023-01-01,43,2,1,,6,3,43,7
85,大城,2023-01-01,46,0,1,,32,5,44,46
53,楠梓,2023-01-01,84,8,5,,51,28,25,84
47,美濃,2023-01-01,80,2,5,,45,17,29,80
20,平鎮,2023-01-01,37,2,2,,9,13,37,33
49,仁武,2023-01-01,97,5,5,,49,30,22,97
24,新竹,2023-01-01,33,2,2,,9,18,33,21
75,馬祖,2023-01-01,52,2,2,,26,7,46,52
57,前鎮,2023-01-01,110,8,7,,64,37,,110
61,恆春,2023-01-01,41,2,1,,2,2,41,5
41,臺西,2023-01-01,52,2,2,,36,8,,52
6,板橋,2023-01-01,33,2,3,,11,23,33,33
80,關山,2023-01-01,31,0,2,,3,7,31,17
83,麥寮,2023-01-01,48,2,2,,37,8,,48
62,臺東,2023-01-01,31,0,2,,7,8,31,9
42,嘉義,2023-01-01,74,10,5,,43,23,27,74
14,古亭,2023-01-01,34,2,2,,14,15,34,31
2,汐止,2023-01-01,38,2,2,,13,17,38,25
3,萬里,2023-01-01,42,8,2,,32,23,42,36
22,湖口,2023-01-01,35,2,2,,13,10,35,20
7,新莊,2023-01-01,35,2,2,,15,17,35,19
26,苗栗,2023-01-01,50,5,3,,25,27,29,50
38,崙背,2023-01-01,57,5,3,,40,18,34,57
1,基隆,2023-01-01,39,5,3,,17,23,39,31
59,屏東,2023-01-01,107,2,6,,64,27,30,107
43,新營,2023-01-01,62,2,3,,38,18,31,62
58,小港,2023-01-01,109,5,7,,59,50,23,109
19,觀音,2023-01-01,39,2,1,,31,12,39,38
67,三重,2023-01-01,48,0,9,,18,48,,32
65,宜蘭,2023-01-01,32,2,2,,10,20,32,27
52,林園,2023-01-01,103,8,5,,69,43,33,103
50,鳳山,2023-01-01,118,8,8,,60,50,,118
46,臺南,2023-01-01,83,2,5,,41,27,27,83
35,二林,2023-01-01,58,8,3,,42,20,37,58
56,前金,2023-01-01,107,5,6,,58,33,26,107
51,大寮,2023-01-01,109,5,5,,60,35,30,109
84,富貴角,2023-01-01,46,0,1,,46,3,45,
21,龍潭,2023-01-01,35,0,2,,5,12,35,10
25,頭份,2023-01-01,31,2,3,,11,30,,31
68,中壢,2023-01-01,33,2,7,,15,33,,29
30,大里,2023-01-01,67,2,6,,37,32,26,67
10,淡水,2023-01-01,37,2,2,,10,18,37,23
29,沙鹿,2023-01-01,46,5,2,,34,15,36,46
31,忠明,2023-01-01,47,5,3,,26,25,30,47
12,中山,2023-01-01,33,2,3,,16,32,33,27
69,竹山,2023-01-01,91,2,5,,47,27,30,91
78,馬公,2023-01-01,74,2,2,,46,8,44,74
16,大同,2023-01-01,39,2,5,,26,38,,39
72,埔里,2023-01-01,75,2,6,,32,25,20,75
34,線西,2023-01-01,54,10,3,,35,18,,54
13,萬華,2023-01-01,34,2,3,,13,27,34,30
36,南投,2023-01-01,70,5,5,,38,27,25,70
44,善化,2023-01-01,64,5,3,,37,23,29,64
8,菜寮,2023-01-01,35,0,2,,15,20,35,32
33,彰化,2023-01-01,54,2,3,,36,42,32,54
70,永和,2023-01-01,31,2,2,,13,13,,31
17,桃園,2023-01-01,35,2,2,,11,13,35,20
5,土城,2023-01-01,34,2,3,,11,18,34,18
66,冬山,2023-01-01,28,0,3,,10,28,27,21
39,新港,2023-01-01,62,2,3,,38,17,34,62
63,花蓮,2023-01-01,31,0,3,,12,27,31,19
18,大園,2023-01-01,34,12,2,,18,30,34,29
60,潮州,2023-01-01,114,5,5,,65,23,38,114
54,左營,2023-01-01,93,8,6,,56,33,26,93
23,竹東,2023-01-01,35,0,3,,10,20,31,35
77,金門,2023-01-01,49,5,2,,30,27,35,49
3,萬里,2023-01-02,49,5,2,,43,17,49,48
66,冬山,2023-01-02,31,0,2,,6,25,31,7
17,桃園,2023-01-02,36,2,5,,12,22,36,26
46,臺南,2023-01-02,72,0,5,,31,28,25,72
26,苗栗,2023-01-02,52,5,3,,21,28,38,52
4,新店,2023-01-02,38,2,3,,13,25,38,24
5,土城,2023-01-02,39,5,3,,13,22,39,20
25,頭份,2023-01-02,40,5,3,,17,25,,40
65,宜蘭,2023-01-02,31,2,2,,6,12,31,17
1,基隆,2023-01-02,47,5,2,,20,28,47,
6,板橋,2023-01-02,37,2,3,,13,30,37,35
16,大同,2023-01-02,51,2,7,,22,51,,42
45,安南,2023-01-02,55,2,2,,30,15,29,55
31,忠明,2023-01-02,44,5,3,,23,28,32,44
8,菜寮,2023-01-02,40,0,3,,13,33,40,31
33,彰化,2023-01-02,54,0,3,,31,32,32,54
68,中壢,2023-01-02,42,2,6,,18,42,,36
20,平鎮,2023-01-02,39,0,3,,13,25,37,39
24,新竹,2023-01-02,39,2,3,,16,18,39,37
23,竹東,2023-01-02,39,0,2,,11,17,39,30
62,臺東,2023-01-02,29,0,1,,5,10,29,3
13,萬華,2023-01-02,37,2,3,,12,37,37,34
61,恆春,2023-01-02,39,2,1,,0,0,39,1
36,南投,2023-01-02,53,2,3,,30,27,22,53
18,大園,2023-01-02,43,5,2,,22,23,43,39
19,觀音,2023-01-02,47,2,2,,27,10,46,47
7,新莊,2023-01-02,40,0,3,,14,27,40,26
54,左營,2023-01-02,75,2,3,,43,30,22,75
52,林園,2023-01-02,74,5,5,,47,43,27,74
44,善化,2023-01-02,54,2,2,,31,17,27,54
11,士林,2023-01-02,44,2,2,,13,13,44,26
9,林口,2023-01-02,41,0,2,,13,17,41,23
32,西屯,2023-01-02,49,2,2,,25,28,35,49
72,埔里,2023-01-02,35,2,5,,17,17,16,35
37,斗六,2023-01-02,56,2,3,,33,17,28,56
53,楠梓,2023-01-02,67,2,3,,39,28,20,67
28,豐原,2023-01-02,42,2,2,,17,22,18,42
58,小港,2023-01-02,81,2,5,,37,42,21,81
85,大城,2023-01-02,51,0,2,,32,7,48,51
41,臺西,2023-01-02,55,2,2,,33,5,,55
83,麥寮,2023-01-02,49,2,2,,34,8,,49
63,花蓮,2023-01-02,32,0,2,,8,30,32,10
84,富貴角,2023-01-02,61,0,2,,43,3,61,47
70,永和,2023-01-02,33,2,5,,14,32,,33
57,前鎮,2023-01-02,88,2,5,,43,37,,88
38,崙背,2023-01-02,59,2,2,,38,15,35,59
10,淡水,2023-01-02,45,2,2,,9,23,45,27
40,朴子,2023-01-02,55,2,2,,31,12,37,55
22,湖口,2023-01-02,44,2,2,,18,10,44,30
75,馬祖,2023-01-02,73,2,2,,34,12,48,73
2,汐止,2023-01-02,44,2,2,,15,27,44,32
60,潮州,2023-01-02,82,2,3,,44,28,32,82
80,關山,2023-01-02,31,0,1,,1,7,31,11
48,橋頭,2023-01-02,67,0,3,,44,28,20,67
35,二林,2023-01-02,51,5,3,,38,15,40,51
15,松山,2023-01-02,40,2,2,,18,40,40,33
42,嘉義,2023-01-02,58,12,3,,33,28,24,58
50,鳳山,2023-01-02,91,2,7,,47,43,,91
14,古亭,2023-01-02,40,2,3,,13,27,40,35
77,金門,2023-01-02,55,5,3,,29,18,39,55
27,三義,2023-01-02,37,2,2,,14,15,34,37
29,沙鹿,2023-01-02,43,2,2,,29,23,40,43
69,竹山,2023-01-02,58,2,3,,29,23,19,58
34,線西,2023-01-02,58,8,5,,34,22,,58
30,大里,2023-01-02,45,2,3,,27,30,25,45
39,新港,2023-01-02,60,2,3,,34,13,35,60
71,復興,2023-01-02,74,2,6,,43,40,,74
64,陽明,2023-01-02,48,2,2,,3,2,48,5
49,仁武,2023-01-02,77,2,3,,37,33,18,77
51,大寮,2023-01-02,82,2,5,,41,40,22,82
12,中山,2023-01-02,42,0,3,,14,42,36,24
47,美濃,2023-01-02,63,2,3,,30,15,18,63
67,三重,2023-01-02,55,0,12,,18,55,,30
43,新營,2023-01-02,57,2,3,,32,20,30,57
56,前金,2023-01-02,81,5,5,,43,30,22,81
21,龍潭,2023-01-02,39,2,2,,7,17,39,11
78,馬公,2023-01-02,51,0,2,,30,5,49,51
59,屏東,2023-01-02,66,2,3,,32,23,23,66
10,淡水,2023-01-03,40,2,2,,3,8,40,19
2,汐止,2023-01-03,38,5,2,,8,22,38,15
19,觀音,2023-01-03,42,5,2,,17,10,42,25
9,林口,2023-01-03,42,2,3,,9,42,36,14
1,基隆,2023-01-03,43,2,2,,13,7,43,
71,復興,2023-01-03,84,2,8,,48,50,,84
34,線西,2023-01-03,44,5,5,,23,22,,44
43,新營,2023-01-03,45,5,3,,28,27,31,45
48,橋頭,2023-01-03,69,2,3,,45,43,26,69
84,富貴角,2023-01-03,48,0,2,,29,3,48,30
42,嘉義,2023-01-03,45,22,5,,,32,26,45
75,馬祖,2023-01-03,51,2,2,,16,12,37,51
33,彰化,2023-01-03,38,2,3,,19,30,34,38
85,大城,2023-01-03,44,0,2,,22,8,44,40
8,菜寮,2023-01-03,37,0,5,,7,25,37,20
46,臺南,2023-01-03,73,2,8,,35,43,26,73
60,潮州,2023-01-03,124,8,6,,67,47,13,124
70,永和,2023-01-03,37,2,6,,10,37,,25
5,土城,2023-01-03,39,5,3,,8,28,39,12
23,竹東,2023-01-03,41,0,2,,5,12,41,21
16,大同,2023-01-03,53,2,8,,19,53,,31
49,仁武,2023-01-03,84,5,5,,40,52,20,84
11,士林,2023-01-03,40,0,3,,7,15,40,16
69,竹山,2023-01-03,43,2,3,,21,30,29,43
41,臺西,2023-01-03,44,2,2,,25,8,,44
27,三義,2023-01-03,35,2,2,,10,15,35,23
28,豐原,2023-01-03,25,2,3,,10,15,21,25
35,二林,2023-01-03,37,5,3,,26,20,37,36
18,大園,2023-01-03,40,8,2,,16,40,39,26
25,頭份,2023-01-03,22,5,3,,12,22,,21
13,萬華,2023-01-03,37,2,3,,5,32,37,23
40,朴子,2023-01-03,48,5,3,,28,18,32,48
53,楠梓,2023-01-03,73,2,5,,44,40,26,73
7,新莊,2023-01-03,37,0,3,,10,35,37,15
22,湖口,2023-01-03,40,2,2,,14,13,40,17
32,西屯,2023-01-03,36,0,3,,17,20,36,27
29,沙鹿,2023-01-03,38,2,3,,19,18,38,28
30,大里,2023-01-03,30,2,3,,14,28,30,19
20,平鎮,2023-01-03,40,0,5,,10,40,36,28
67,三重,2023-01-03,54,2,11,,9,54,,16
59,屏東,2023-01-03,92,2,5,,48,33,21,92
12,中山,2023-01-03,38,2,5,,8,38,36,16
64,陽明,2023-01-03,44,2,3,,2,3,44,2
83,麥寮,2023-01-03,40,2,3,,26,15,,40
21,龍潭,2023-01-03,40,2,2,,4,17,40,7
77,金門,2023-01-03,63,5,3,,32,18,37,63
72,埔里,2023-01-03,28,2,3,,13,18,28,16
3,萬里,2023-01-03,45,2,2,,44,5,45,35
80,關山,2023-01-03,35,0,2,,6,8,35,16
31,忠明,2023-01-03,35,2,3,,16,30,35,29
68,中壢,2023-01-03,48,2,7,,20,48,,30
78,馬公,2023-01-03,43,0,2,,20,5,43,33
51,大寮,2023-01-03,101,2,5,,52,55,19,101
39,新港,2023-01-03,46,2,3,,24,20,34,46
54,左營,2023-01-03,77,5,5,,47,40,28,77
24,新竹,2023-01-03,38,2,3,,13,20,38,23
17,桃園,2023-01-03,36,2,5,,9,27,36,18
65,宜蘭,2023-01-03,38,0,3,,4,17,38,9
52,林園,2023-01-03,94,10,6,,63,57,19,94
36,南投,2023-01-03,37,5,5,,22,37,28,37
15,松山,2023-01-03,38,2,3,,12,38,38,21
47,美濃,2023-01-03,78,0,3,,36,18,24,78
38,崙背,2023-01-03,43,2,3,,27,22,33,43
44,善化,2023-01-03,52,5,3,,25,30,30,52
50,鳳山,2023-01-03,106,5,9,,54,57,,106
61,恆春,2023-01-03,41,0,1,,4,0,41,8
37,斗六,2023-01-03,48,2,3,,25,27,27,48
56,前金,2023-01-03,88,5,5,,47,38,31,88
63,花蓮,2023-01-03,35,5,3,,11,17,35,9
62,臺東,2023-01-03,36,0,2,,9,17,36,8
14,古亭,2023-01-03,39,2,3,,10,28,39,27
6,板橋,2023-01-03,36,0,3,,9,33,36,26
57,前鎮,2023-01-03,91,2,6,,52,45,,91
45,安南,2023-01-03,57,2,3,,32,23,28,57
58,小港,2023-01-03,93,2,7,,49,53,24,93
26,苗栗,2023-01-03,37,5,2,,12,20,37,28
66,冬山,2023-01-03,47,0,3,,6,47,39,3
4,新店,2023-01-03,36,2,3,,7,30,36,12
52,林園,2023-01-04,64,10,5,,47,50,48,64
51,大寮,2023-01-04,76,5,5,,45,60,41,76
25,頭份,2023-01-04,35,5,3,,10,35,,19
50,鳳山,2023-01-04,75,8,9,,39,53,,75
6,板橋,2023-01-04,37,2,5,,12,37,31,33
3,萬里,2023-01-04,41,0,2,,38,10,41,38
49,仁武,2023-01-04,67,5,5,,32,45,36,67
24,新竹,2023-01-04,31,2,3,,13,25,31,25
12,中山,2023-01-04,47,2,6,,17,47,31,32
48,橋頭,2023-01-04,58,5,3,,40,38,40,58
47,美濃,2023-01-04,54,2,3,,30,25,38,54
23,竹東,2023-01-04,33,2,3,,7,25,33,20
46,臺南,2023-01-04,64,2,6,,31,33,36,64
45,安南,2023-01-04,50,2,3,,29,23,39,50
22,湖口,2023-01-04,33,2,2,,15,17,33,22
11,士林,2023-01-04,35,5,2,,12,17,35,27
44,善化,2023-01-04,39,8,2,,25,22,38,39
43,新營,2023-01-04,41,5,3,,27,23,37,41
21,龍潭,2023-01-04,33,0,3,,7,18,33,6
42,嘉義,2023-01-04,53,53,5,,,35,33,49
5,土城,2023-01-04,33,2,5,,11,33,31,17
1,基隆,2023-01-04,37,2,5,,19,35,37,
41,臺西,2023-01-04,42,5,2,,28,15,,42
20,平鎮,2023-01-04,33,2,3,,11,27,32,33
10,淡水,2023-01-04,36,2,3,,10,27,36,24
40,朴子,2023-01-04,43,5,2,,24,13,35,43
39,新港,2023-01-04,47,5,2,,28,15,37,47
19,觀音,2023-01-04,42,30,2,,30,12,37,42
85,大城,2023-01-04,44,0,2,,24,13,44,40
84,富貴角,2023-01-04,44,0,1,,39,2,44,44
38,崙背,2023-01-04,44,5,2,,30,17,37,44
9,林口,2023-01-04,42,2,3,,13,42,28,25
83,麥寮,2023-01-04,43,5,2,,30,18,,43
80,關山,2023-01-04,36,0,2,,5,7,36,17
37,斗六,2023-01-04,48,5,5,,30,33,35,48
65,宜蘭,2023-01-04,32,2,2,,5,12,32,16
16,大同,2023-01-04,56,2,10,,26,56,,48
32,西屯,2023-01-04,37,2,3,,20,37,33,24
66,冬山,2023-01-04,33,0,2,,4,28,33,5
2,汐止,2023-01-04,40,2,3,,15,40,31,34
8,菜寮,2023-01-04,34,2,5,,13,27,32,34
67,三重,2023-01-04,52,2,10,,18,52,,32
33,彰化,2023-01-04,36,2,3,,24,35,31,36
68,中壢,2023-01-04,42,2,7,,16,42,,28
69,竹山,2023-01-04,43,2,3,,28,32,33,43
17,桃園,2023-01-04,32,5,3,,13,25,32,27
34,線西,2023-01-04,46,8,5,,31,27,,46
70,永和,2023-01-04,34,2,6,,14,32,,34
71,復興,2023-01-04,63,2,7,,39,43,,63
35,二林,2023-01-04,39,8,3,,32,18,36,39
72,埔里,2023-01-04,41,2,5,,23,33,34,41
75,馬祖,2023-01-04,63,2,2,,32,10,38,63
18,大園,2023-01-04,47,12,2,,22,47,31,36
36,南投,2023-01-04,45,5,5,,22,45,31,31
77,金門,2023-01-04,51,2,3,,27,18,42,51
4,新店,2023-01-04,38,0,3,,10,38,30,16
78,馬公,2023-01-04,44,0,2,,29,5,41,44
64,陽明,2023-01-04,42,2,2,,3,2,42,3
31,忠明,2023-01-04,40,2,5,,17,40,30,27
63,花蓮,2023-01-04,42,2,6,,11,42,33,10
62,臺東,2023-01-04,38,0,2,,10,10,38,7
30,大里,2023-01-04,43,2,6,,19,43,30,25
15,松山,2023-01-04,50,5,3,,21,50,31,37
61,恆春,2023-01-04,43,2,1,,3,0,43,5
60,潮州,2023-01-04,81,8,3,,46,25,49,81
29,沙鹿,2023-01-04,34,2,3,,21,25,34,30
59,屏東,2023-01-04,69,5,5,,43,45,44,69
7,新莊,2023-01-04,32,2,3,,18,32,32,31
58,小港,2023-01-04,72,5,5,,43,57,35,72
28,豐原,2023-01-04,40,5,3,,10,40,20,22
14,古亭,2023-01-04,37,2,3,,13,28,32,37
57,前鎮,2023-01-04,69,2,6,,42,47,,69
56,前金,2023-01-04,67,2,5,,37,35,46,67
27,三義,2023-01-04,34,2,3,,10,33,34,18
54,左營,2023-01-04,63,5,3,,37,33,45,63
53,楠梓,2023-01-04,57,5,3,,38,38,42,57
26,苗栗,2023-01-04,33,8,3,,13,28,33,23
13,萬華,2023-01-04,45,5,5,,14,45,31,35
58,小港,2023-01-05,101,12,8,,64,78,21,101
6,板橋,2023-01-05,53,2,7,,14,53,22,33
4,新店,2023-01-05,43,2,5,,10,43,26,14
3,萬里,2023-01-05,38,0,1,,38,20,36,31
5,土城,2023-01-05,53,2,7,,13,53,25,19
78,馬公,2023-01-05,51,0,2,,33,5,41,51
67,三重,2023-01-05,60,2,18,,19,60,,30
85,大城,2023-01-05,46,0,1,,27,7,43,46
50,鳳山,2023-01-05,111,8,16,,64,75,,111
84,富貴角,2023-01-05,44,0,1,,32,7,44,25
83,麥寮,2023-01-05,47,2,1,,37,7,,47
2,汐止,2023-01-05,55,2,9,,12,55,23,23
80,關山,2023-01-05,32,2,2,,5,8,32,15
77,金門,2023-01-05,50,5,2,,29,25,39,50
75,馬祖,2023-01-05,52,5,3,,25,13,38,52
72,埔里,2023-01-05,39,2,5,,20,37,36,39
71,復興,2023-01-05,89,5,11,,56,69,,89
70,永和,2023-01-05,45,5,10,,13,45,,29
68,中壢,2023-01-05,52,2,9,,26,52,,40
1,基隆,2023-01-05,50,2,10,,13,50,31,20
69,竹山,2023-01-05,56,2,3,,30,35,44,56
66,冬山,2023-01-05,32,0,3,,6,32,27,3
65,宜蘭,2023-01-05,31,2,2,,5,20,31,7
64,陽明,2023-01-05,39,2,1,,3,2,39,2
63,花蓮,2023-01-05,31,2,3,,8,22,31,6
62,臺東,2023-01-05,34,2,2,,8,13,34,8
61,恆春,2023-01-05,37,2,1,,3,2,37,4
59,屏東,2023-01-05,126,15,10,,76,69,45,126
60,潮州,2023-01-05,113,10,5,,63,33,84,113
57,前鎮,2023-01-05,96,5,10,,62,68,,96
56,前金,2023-01-05,87,5,6,,54,52,38,87
54,左營,2023-01-05,79,10,6,,54,55,36,79
52,林園,2023-01-05,89,15,6,,67,57,46,89
51,大寮,2023-01-05,114,18,8,,72,68,30,114
53,楠梓,2023-01-05,77,5,5,,57,59,36,77
49,仁武,2023-01-05,86,8,6,,50,66,31,86
48,橋頭,2023-01-05,74,5,5,,57,52,36,74
47,美濃,2023-01-05,83,2,5,,48,27,49,83
46,臺南,2023-01-05,82,2,7,,42,42,32,82
45,安南,2023-01-05,65,2,3,,42,30,38,65
44,善化,2023-01-05,52,8,3,,37,35,37,52
42,嘉義,2023-01-05,61,30,5,,43,35,38,61
43,新營,2023-01-05,60,5,3,,39,42,39,60
41,臺西,2023-01-05,45,2,1,,35,8,,45
40,朴子,2023-01-05,56,5,2,,38,12,39,56
39,新港,2023-01-05,58,5,3,,39,30,38,58
38,崙背,2023-01-05,51,2,2,,38,17,35,51
37,斗六,2023-01-05,60,2,5,,41,32,38,60
35,二林,2023-01-05,46,8,2,,40,22,35,46
34,線西,2023-01-05,51,8,6,,32,27,,51
36,南投,2023-01-05,53,2,6,,30,40,31,53
33,彰化,2023-01-05,47,2,3,,28,27,30,47
32,西屯,2023-01-05,36,2,2,,23,23,33,36
31,忠明,2023-01-05,36,2,3,,21,27,31,36
30,大里,2023-01-05,46,8,8,,29,38,28,46
29,沙鹿,2023-01-05,36,2,2,,27,17,34,36
28,豐原,2023-01-05,35,2,2,,16,17,19,35
26,苗栗,2023-01-05,42,5,2,,23,28,31,42
27,三義,2023-01-05,32,2,2,,17,27,31,32
25,頭份,2023-01-05,37,5,2,,20,37,,31
24,新竹,2023-01-05,31,2,2,,21,22,31,28
23,竹東,2023-01-05,36,2,2,,19,25,27,36
22,湖口,2023-01-05,35,2,1,,18,13,35,26
20,平鎮,2023-01-05,37,2,3,,20,30,29,37
19,觀音,2023-01-05,39,12,1,,23,12,39,29
21,龍潭,2023-01-05,42,0,3,,13,42,25,17
18,大園,2023-01-05,48,20,1,,21,48,36,24
17,桃園,2023-01-05,38,10,3,,20,38,30,29
16,大同,2023-01-05,60,5,20,,24,60,,40
15,松山,2023-01-05,54,2,5,,15,54,22,20
14,古亭,2023-01-05,37,2,5,,11,37,25,24
13,萬華,2023-01-05,54,5,7,,11,54,21,25
12,中山,2023-01-05,52,2,6,,13,52,20,18
10,淡水,2023-01-05,34,0,2,,13,18,34,23
11,士林,2023-01-05,52,2,6,,14,52,30,21
9,林口,2023-01-05,31,0,2,,15,25,31,18
8,菜寮,2023-01-05,52,2,7,,14,52,28,27
7,新莊,2023-01-05,53,2,6,,17,53,31,20
85,大城,2023-01-06,50,2,1,,27,15,48,50
52,林園,2023-01-06,97,18,5,,73,55,40,97
53,楠梓,2023-01-06,77,5,3,,55,33,34,77
51,大寮,2023-01-06,107,5,5,,60,52,46,107
50,鳳山,2023-01-06,101,5,8,,57,57,,101
49,仁武,2023-01-06,93,5,5,,50,42,31,93
48,橋頭,2023-01-06,78,2,3,,53,32,31,78
46,臺南,2023-01-06,88,2,7,,47,38,23,88
45,安南,2023-01-06,73,2,3,,51,27,38,73
47,美濃,2023-01-06,67,2,3,,39,20,44,67
44,善化,2023-01-06,68,5,2,,47,23,37,68
43,新營,2023-01-06,64,8,2,,45,27,38,64
42,嘉義,2023-01-06,64,12,3,,39,32,36,64
41,臺西,2023-01-06,48,2,2,,32,15,,48
40,朴子,2023-01-06,61,2,2,,38,17,41,61
39,新港,2023-01-06,61,5,2,,40,22,39,61
38,崙背,2023-01-06,62,5,2,,39,18,36,62
36,南投,2023-01-06,48,2,3,,29,33,31,48
37,斗六,2023-01-06,68,2,3,,42,27,37,68
35,二林,2023-01-06,51,8,2,,38,17,38,51
34,線西,2023-01-06,52,8,6,,29,25,,52
33,彰化,2023-01-06,43,2,3,,25,28,32,43
32,西屯,2023-01-06,38,0,2,,19,17,35,38
31,忠明,2023-01-06,32,2,3,,17,28,32,32
29,沙鹿,2023-01-06,36,2,2,,20,17,36,32
28,豐原,2023-01-06,28,2,2,,12,17,22,28
30,大里,2023-01-06,46,2,6,,26,38,29,46
27,三義,2023-01-06,34,0,2,,9,17,34,25
26,苗栗,2023-01-06,49,5,2,,24,32,31,49
25,頭份,2023-01-06,33,10,3,,20,33,,32
24,新竹,2023-01-06,38,5,3,,20,38,33,31
23,竹東,2023-01-06,35,2,2,,17,23,35,34
22,湖口,2023-01-06,38,5,3,,20,38,38,34
20,平鎮,2023-01-06,52,2,6,,20,52,28,46
21,龍潭,2023-01-06,40,2,3,,12,40,31,23
56,前金,2023-01-06,98,2,3,,58,32,39,98
57,前鎮,2023-01-06,103,5,6,,64,42,,103
58,小港,2023-01-06,103,5,6,,63,67,24,103
59,屏東,2023-01-06,86,5,5,,53,30,47,86
60,潮州,2023-01-06,102,5,3,,56,35,80,102
63,花蓮,2023-01-06,38,12,3,,11,18,38,13
61,恆春,2023-01-06,41,0,1,,4,2,41,5
62,臺東,2023-01-06,32,0,2,,9,15,32,10
64,陽明,2023-01-06,44,2,2,,5,2,44,8
65,宜蘭,2023-01-06,36,2,3,,11,32,36,18
66,冬山,2023-01-06,35,2,2,,15,23,35,17
67,三重,2023-01-06,64,2,16,,26,64,,41
68,中壢,2023-01-06,60,2,14,,56,60,,56
70,永和,2023-01-06,55,5,14,,17,55,,41
69,竹山,2023-01-06,49,2,3,,26,32,39,49
71,復興,2023-01-06,96,2,7,,58,48,,96
72,埔里,2023-01-06,38,2,5,,18,30,38,36
75,馬祖,2023-01-06,65,5,2,,27,27,43,65
77,金門,2023-01-06,56,8,3,,34,38,44,56
78,馬公,2023-01-06,49,0,1,,27,7,49,41
80,關山,2023-01-06,34,2,1,,5,7,34,16
54,左營,2023-01-06,89,2,3,,57,38,37,89
19,觀音,2023-01-06,51,18,2,,25,51,41,40
18,大園,2023-01-06,56,10,3,,22,56,34,32
17,桃園,2023-01-06,55,8,6,,20,55,30,33
16,大同,2023-01-06,62,5,20,,29,62,,50
12,中山,2023-01-06,55,2,8,,19,55,18,33
15,松山,2023-01-06,57,2,5,,19,57,21,28
14,古亭,2023-01-06,43,2,5,,13,43,26,32
13,萬華,2023-01-06,55,2,7,,15,55,19,38
11,士林,2023-01-06,52,2,5,,17,52,32,31
10,淡水,2023-01-06,37,2,5,,14,35,37,32
9,林口,2023-01-06,42,0,3,,16,42,31,21
8,菜寮,2023-01-06,48,2,6,,17,48,21,37
7,新莊,2023-01-06,52,0,5,,18,52,30,25
6,板橋,2023-01-06,53,2,7,,18,53,22,40
4,新店,2023-01-06,40,2,5,,14,40,30,23
5,土城,2023-01-06,60,2,6,,17,60,30,27
3,萬里,2023-01-06,44,0,2,,34,17,44,35
2,汐止,2023-01-06,57,2,6,,14,57,24,27
1,基隆,2023-01-06,47,2,5,,15,47,34,26
83,麥寮,2023-01-06,53,5,2,,34,22,,53
84,富貴角,2023-01-06,51,0,1,,41,10,51,31
18,大園,2023-01-07,66,10,3,,47,52,58,66
85,大城,2023-01-07,97,2,3,,44,12,97,75
84,富貴角,2023-01-07,112,0,3,,56,8,112,74
83,麥寮,2023-01-07,80,5,3,,48,17,,80
80,關山,2023-01-07,40,2,2,,15,12,38,40
78,馬公,2023-01-07,100,0,3,,40,8,100,70
77,金門,2023-01-07,73,5,3,,49,17,67,73
75,馬祖,2023-01-07,122,12,5,,54,25,122,115
72,埔里,2023-01-07,50,2,5,,24,27,45,50
71,復興,2023-01-07,87,8,9,,55,52,,87
70,永和,2023-01-07,76,5,6,,44,28,,76
69,竹山,2023-01-07,89,5,5,,51,35,58,89
68,中壢,2023-01-07,76,2,9,,51,52,,76
67,三重,2023-01-07,77,2,12,,50,65,,77
66,冬山,2023-01-07,60,2,3,,38,45,34,60
65,宜蘭,2023-01-07,59,5,3,,30,28,34,59
64,陽明,2023-01-07,87,2,3,,41,7,87,65
63,花蓮,2023-01-07,45,2,5,,29,25,39,45
62,臺東,2023-01-07,38,0,3,,17,15,38,27
61,恆春,2023-01-07,54,2,2,,13,2,54,26
60,潮州,2023-01-07,87,8,3,,50,23,84,87
59,屏東,2023-01-07,98,18,6,,63,40,51,98
58,小港,2023-01-07,95,12,7,,54,58,47,95
57,前鎮,2023-01-07,88,12,7,,62,47,,88
54,左營,2023-01-07,90,8,6,,56,47,90,87
56,前金,2023-01-07,88,8,6,,51,37,80,88
53,楠梓,2023-01-07,87,8,6,,64,57,64,87
52,林園,2023-01-07,79,12,5,,59,55,77,79
51,大寮,2023-01-07,106,28,7,,61,53,45,106
50,鳳山,2023-01-07,93,12,9,,53,55,,93
49,仁武,2023-01-07,95,12,7,,52,53,46,95
47,美濃,2023-01-07,82,5,5,,49,27,64,82
46,臺南,2023-01-07,94,5,9,,50,52,47,94
48,橋頭,2023-01-07,88,5,5,,62,43,74,88
45,安南,2023-01-07,82,5,5,,52,28,61,82
44,善化,2023-01-07,73,10,3,,41,30,61,73
43,新營,2023-01-07,71,8,5,,47,37,64,71
42,嘉義,2023-01-07,89,15,6,,55,35,51,89
41,臺西,2023-01-07,76,5,3,,47,13,,76
40,朴子,2023-01-07,77,8,3,,49,17,71,77
38,崙背,2023-01-07,84,8,3,,52,20,54,84
39,新港,2023-01-07,82,5,3,,53,18,71,82
37,斗六,2023-01-07,96,8,6,,59,40,61,96
36,南投,2023-01-07,70,5,6,,43,45,45,70
35,二林,2023-01-07,70,8,5,,60,23,51,70
34,線西,2023-01-07,72,15,7,,54,33,,72
32,西屯,2023-01-07,55,2,5,,33,42,50,55
31,忠明,2023-01-07,55,2,5,,30,38,47,55
33,彰化,2023-01-07,70,2,6,,45,42,44,70
30,大里,2023-01-07,63,8,7,,38,50,44,63
29,沙鹿,2023-01-07,64,2,5,,38,30,50,64
28,豐原,2023-01-07,47,5,3,,20,30,31,47
27,三義,2023-01-07,51,2,3,,26,18,46,51
26,苗栗,2023-01-07,65,10,5,,37,30,43,65
25,頭份,2023-01-07,60,5,5,,37,30,,60
24,新竹,2023-01-07,62,2,5,,40,25,46,62
22,湖口,2023-01-07,66,2,3,,43,17,58,66
23,竹東,2023-01-07,57,2,3,,29,17,44,57
21,龍潭,2023-01-07,60,2,3,,37,20,49,60
20,平鎮,2023-01-07,77,2,5,,43,27,58,77
19,觀音,2023-01-07,77,10,3,,54,43,58,77
17,桃園,2023-01-07,67,10,5,,45,28,58,67
15,松山,2023-01-07,77,2,5,,55,52,43,77
14,古亭,2023-01-07,74,0,3,,43,23,64,74
16,大同,2023-01-07,81,5,9,,55,61,,81
13,萬華,2023-01-07,72,8,7,,45,53,42,72
12,中山,2023-01-07,72,5,7,,48,56,42,72
11,士林,2023-01-07,74,2,3,,44,18,74,70
10,淡水,2023-01-07,68,2,5,,35,22,54,68
9,林口,2023-01-07,68,2,5,,46,27,58,68
8,菜寮,2023-01-07,72,2,5,,43,28,58,72
6,板橋,2023-01-07,70,2,6,,44,35,45,70
7,新莊,2023-01-07,70,2,5,,56,37,50,70
5,土城,2023-01-07,60,2,6,,41,28,50,60
4,新店,2023-01-07,60,2,5,,42,22,54,60
3,萬里,2023-01-07,93,0,3,,64,8,93,75
2,汐止,2023-01-07,70,2,5,,45,47,47,70
1,基隆,2023-01-07,74,2,5,,48,17,74,74
61,恆春,2023-01-08,61,2,3,,17,3,61,41
1,基隆,2023-01-08,70,2,5,,47,47,46,70
2,汐止,2023-01-08,66,2,6,,42,52,45,66
3,萬里,2023-01-08,72,5,3,,49,18,47,72
4,新店,2023-01-08,52,2,5,,36,35,47,52
5,土城,2023-01-08,53,2,5,,36,35,44,53
6,板橋,2023-01-08,70,8,7,,38,50,42,70
9,林口,2023-01-08,61,0,5,,42,20,47,61
7,新莊,2023-01-08,66,0,5,,45,48,46,66
8,菜寮,2023-01-08,68,2,6,,43,43,46,68
10,淡水,2023-01-08,61,2,3,,34,17,50,61
11,士林,2023-01-08,67,2,3,,42,15,49,67
12,中山,2023-01-08,66,2,6,,46,42,42,66
13,萬華,2023-01-08,69,8,6,,41,54,42,69
14,古亭,2023-01-08,69,2,5,,39,52,46,69
16,大同,2023-01-08,76,2,9,,54,56,,76
15,松山,2023-01-08,69,2,5,,50,50,46,69
17,桃園,2023-01-08,65,2,6,,39,48,45,65
18,大園,2023-01-08,66,8,5,,44,37,46,66
19,觀音,2023-01-08,83,8,5,,54,33,49,83
20,平鎮,2023-01-08,74,5,7,,39,42,50,74
21,龍潭,2023-01-08,67,2,6,,36,43,51,67
22,湖口,2023-01-08,86,8,6,,53,43,64,86
25,頭份,2023-01-08,80,5,5,,47,28,,80
26,苗栗,2023-01-08,86,18,5,,50,27,58,86
27,三義,2023-01-08,87,8,6,,48,32,74,87
28,豐原,2023-01-08,96,,5,,53,28,40,96
29,沙鹿,2023-01-08,88,5,6,,61,38,61,88
30,大里,2023-01-08,109,10,7,,67,47,64,109
32,西屯,2023-01-08,102,2,6,,62,48,77,102
31,忠明,2023-01-08,98,5,8,,59,52,84,98
33,彰化,2023-01-08,109,12,8,,69,48,58,109
34,線西,2023-01-08,94,20,5,,70,47,,94
35,二林,2023-01-08,118,12,7,,84,35,77,118
36,南投,2023-01-08,125,8,6,,72,35,97,125
37,斗六,2023-01-08,152,8,6,,92,33,84,152
38,崙背,2023-01-08,131,10,6,,88,37,74,131
41,臺西,2023-01-08,93,10,3,,68,23,,93
39,新港,2023-01-08,139,12,6,,86,27,93,139
40,朴子,2023-01-08,130,10,6,,81,25,90,130
42,嘉義,2023-01-08,144,28,7,,89,32,97,144
43,新營,2023-01-08,131,12,6,,83,33,93,131
44,善化,2023-01-08,135,15,6,,74,32,87,135
45,安南,2023-01-08,139,8,6,,81,30,84,139
46,臺南,2023-01-08,149,8,8,,80,54,67,149
48,橋頭,2023-01-08,126,8,6,,86,40,84,126
47,美濃,2023-01-08,90,5,5,,51,17,90,90
49,仁武,2023-01-08,132,10,7,,74,59,58,132
50,鳳山,2023-01-08,127,10,10,,72,57,,127
51,大寮,2023-01-08,125,10,6,,75,52,115,125
52,林園,2023-01-08,104,10,6,,65,38,104,89
53,楠梓,2023-01-08,121,8,6,,79,52,90,121
54,左營,2023-01-08,131,10,7,,80,43,93,131
59,屏東,2023-01-08,123,8,7,,75,38,118,123
57,前鎮,2023-01-08,122,10,9,,85,64,,122
58,小港,2023-01-08,120,10,7,,74,71,67,120
60,潮州,2023-01-08,136,10,6,,54,25,136,91
23,竹東,2023-01-08,83,2,6,,41,28,67,83
72,埔里,2023-01-08,85,5,6,,43,25,74,85
56,前金,2023-01-08,135,8,7,,83,52,101,135
24,新竹,2023-01-08,86,2,6,,52,43,51,86
85,大城,2023-01-08,90,2,3,,62,15,90,87
84,富貴角,2023-01-08,71,2,2,,46,5,71,65
83,麥寮,2023-01-08,104,5,3,,69,18,,104
80,關山,2023-01-08,53,2,3,,21,12,42,53
78,馬公,2023-01-08,97,2,3,,60,8,97,88
75,馬祖,2023-01-08,99,12,5,,64,17,67,99
77,金門,2023-01-08,83,5,5,,69,42,71,83
71,復興,2023-01-08,124,5,10,,78,60,,124
70,永和,2023-01-08,66,2,8,,41,55,,66
69,竹山,2023-01-08,141,5,6,,74,32,100,141
68,中壢,2023-01-08,71,5,14,,44,57,,71
67,三重,2023-01-08,71,0,12,,46,58,,71
66,冬山,2023-01-08,59,2,3,,36,23,35,59
64,陽明,2023-01-08,54,8,3,,35,5,51,54
65,宜蘭,2023-01-08,69,5,5,,41,23,46,69
63,花蓮,2023-01-08,56,2,5,,30,28,40,56
62,臺東,2023-01-08,45,0,3,,24,13,44,45
32,西屯,2023-01-09,105,2,5,,70,35,41,105
75,馬祖,2023-01-09,74,8,6,,36,25,39,74
72,埔里,2023-01-09,91,2,5,,46,28,58,91
71,復興,2023-01-09,127,5,8,,83,55,,127
70,永和,2023-01-09,82,10,22,,41,73,,82
69,竹山,2023-01-09,152,5,6,,87,42,41,152
68,中壢,2023-01-09,113,8,14,,68,65,,113
67,三重,2023-01-09,82,8,18,,44,74,,82
66,冬山,2023-01-09,38,2,5,,26,33,38,35
65,宜蘭,2023-01-09,43,2,3,,22,35,43,42
64,陽明,2023-01-09,39,2,3,,15,18,39,29
63,花蓮,2023-01-09,39,2,3,,20,22,39,33
62,臺東,2023-01-09,38,0,3,,19,25,38,31
61,恆春,2023-01-09,48,0,2,,19,2,48,32
59,屏東,2023-01-09,121,5,5,,72,35,80,121
58,小港,2023-01-09,134,10,7,,80,60,58,134
60,潮州,2023-01-09,119,15,6,,71,28,115,119
57,前鎮,2023-01-09,132,8,8,,90,55,,132
56,前金,2023-01-09,142,5,7,,86,45,74,142
54,左營,2023-01-09,144,5,7,,92,40,67,144
53,楠梓,2023-01-09,134,8,6,,92,43,58,134
52,林園,2023-01-09,122,8,6,,89,52,61,122
51,大寮,2023-01-09,144,5,7,,88,55,77,144
49,仁武,2023-01-09,147,8,7,,80,53,44,147
50,鳳山,2023-01-09,139,5,10,,80,58,,139
48,橋頭,2023-01-09,133,8,6,,92,38,51,133
47,美濃,2023-01-09,101,5,5,,57,18,58,101
46,臺南,2023-01-09,153,2,8,,84,48,44,153
45,安南,2023-01-09,138,2,5,,92,28,47,138
43,新營,2023-01-09,152,5,5,,100,28,47,152
42,嘉義,2023-01-09,156,8,6,,103,37,38,156
44,善化,2023-01-09,152,5,5,,95,30,45,152
41,臺西,2023-01-09,88,8,2,,72,22,,88
40,朴子,2023-01-09,123,5,3,,81,17,54,123
39,新港,2023-01-09,141,5,5,,99,22,44,141
38,崙背,2023-01-09,123,5,5,,96,22,44,123
37,斗六,2023-01-09,154,5,5,,102,30,39,154
36,南投,2023-01-09,133,5,6,,82,47,50,133
35,二林,2023-01-09,102,8,5,,90,23,43,102
33,彰化,2023-01-09,105,5,5,,80,40,38,105
34,線西,2023-01-09,94,15,5,,78,35,,94
31,忠明,2023-01-09,102,2,6,,66,42,40,102
30,大里,2023-01-09,108,2,6,,71,53,37,108
29,沙鹿,2023-01-09,87,2,3,,78,27,43,87
28,豐原,2023-01-09,99,5,5,,52,30,22,99
26,苗栗,2023-01-09,95,5,3,,74,37,38,95
25,頭份,2023-01-09,86,5,6,,71,51,,86
27,三義,2023-01-09,81,2,5,,42,27,38,81
24,新竹,2023-01-09,91,5,6,,68,55,35,91
23,竹東,2023-01-09,103,2,5,,55,32,35,103
22,湖口,2023-01-09,95,2,5,,62,45,38,95
21,龍潭,2023-01-09,91,5,6,,48,53,40,91
20,平鎮,2023-01-09,110,8,7,,57,61,32,110
19,觀音,2023-01-09,92,8,5,,62,40,36,92
17,桃園,2023-01-09,96,10,8,,49,55,33,96
18,大園,2023-01-09,95,8,6,,63,55,35,95
16,大同,2023-01-09,80,8,16,,43,64,,80
15,松山,2023-01-09,69,8,11,,42,60,28,69
14,古亭,2023-01-09,74,8,9,,37,56,31,74
13,萬華,2023-01-09,74,18,10,,37,59,26,74
9,林口,2023-01-09,69,10,6,,38,57,38,69
12,中山,2023-01-09,68,5,10,,37,62,26,68
11,士林,2023-01-09,69,8,6,,40,53,31,69
10,淡水,2023-01-09,78,10,6,,40,52,34,78
8,菜寮,2023-01-09,78,10,10,,39,58,31,78
7,新莊,2023-01-09,70,8,9,,42,59,27,70
6,板橋,2023-01-09,78,10,10,,38,62,22,78
5,土城,2023-01-09,74,12,8,,45,62,28,74
4,新店,2023-01-09,68,8,8,,35,56,25,68
3,萬里,2023-01-09,53,5,5,,30,23,44,53
1,基隆,2023-01-09,61,10,7,,31,55,31,61
2,汐止,2023-01-09,62,10,10,,37,58,30,62
77,金門,2023-01-09,81,2,5,,44,54,26,81
84,富貴角,2023-01-09,63,2,3,,37,25,44,63
83,麥寮,2023-01-09,93,2,2,,74,18,,93
85,大城,2023-01-09,81,0,2,,64,10,51,81
80,關山,2023-01-09,39,0,2,,15,15,39,36
78,馬公,2023-01-09,71,2,3,,44,8,49,71
78,馬公,2023-01-10,57,0,3,,27,8,51,57
57,前鎮,2023-01-10,120,5,8,,86,50,,120
56,前金,2023-01-10,124,8,7,,77,45,44,124
54,左營,2023-01-10,115,5,8,,75,42,38,115
53,楠梓,2023-01-10,116,5,6,,77,40,43,116
52,林園,2023-01-10,115,8,6,,88,57,41,115
51,大寮,2023-01-10,140,5,8,,81,51,41,140
50,鳳山,2023-01-10,133,8,9,,73,56,,133
49,仁武,2023-01-10,130,15,6,,71,52,34,130
48,橋頭,2023-01-10,111,5,5,,76,35,39,111
47,美濃,2023-01-10,95,8,5,,55,18,49,95
46,臺南,2023-01-10,120,2,7,,58,42,33,120
45,安南,2023-01-10,100,2,5,,62,33,39,100
44,善化,2023-01-10,99,5,5,,61,28,38,99
43,新營,2023-01-10,103,2,5,,63,30,38,103
42,嘉義,2023-01-10,115,5,5,,66,35,32,115
41,臺西,2023-01-10,63,2,2,,41,22,,63
40,朴子,2023-01-10,92,2,3,,55,20,39,92
1,基隆,2023-01-10,48,2,2,,13,48,31,
39,新港,2023-01-10,103,2,5,,67,23,19,103
38,崙背,2023-01-10,87,2,3,,58,18,33,87
37,斗六,2023-01-10,113,2,6,,69,32,31,113
36,南投,2023-01-10,89,8,6,,54,40,29,89
34,線西,2023-01-10,61,12,3,,38,30,,61
33,彰化,2023-01-10,68,0,5,,46,32,27,68
32,西屯,2023-01-10,71,2,5,,42,40,30,71
31,忠明,2023-01-10,70,2,6,,40,38,25,70
30,大里,2023-01-10,79,2,7,,47,42,21,79
29,沙鹿,2023-01-10,53,5,3,,38,23,33,53
28,豐原,2023-01-10,59,5,3,,26,27,14,59
27,三義,2023-01-10,35,2,3,,16,25,26,35
26,苗栗,2023-01-10,57,5,3,,29,28,30,57
25,頭份,2023-01-10,38,5,3,,23,30,,38
24,新竹,2023-01-10,42,2,2,,17,42,30,27
23,竹東,2023-01-10,40,2,2,,17,32,27,40
22,湖口,2023-01-10,35,5,1,,14,20,35,21
21,龍潭,2023-01-10,33,2,3,,11,33,28,26
20,平鎮,2023-01-10,32,2,3,,14,32,29,32
19,觀音,2023-01-10,44,5,1,,19,23,44,27
18,大園,2023-01-10,42,5,2,,17,42,40,19
17,桃園,2023-01-10,32,2,3,,12,32,30,18
16,大同,2023-01-10,48,5,6,,19,48,,31
15,松山,2023-01-10,40,5,2,,16,40,30,21
14,古亭,2023-01-10,30,2,2,,12,30,30,28
13,萬華,2023-01-10,40,10,3,,10,40,29,25
12,中山,2023-01-10,45,2,5,,12,45,28,22
11,士林,2023-01-10,34,0,2,,10,13,34,18
10,淡水,2023-01-10,33,2,3,,6,28,33,14
9,林口,2023-01-10,35,0,2,,11,35,30,13
8,菜寮,2023-01-10,31,2,3,,11,28,31,23
7,新莊,2023-01-10,31,2,2,,13,23,31,19
6,板橋,2023-01-10,32,0,3,,12,32,27,26
5,土城,2023-01-10,35,2,3,,12,35,29,15
4,新店,2023-01-10,32,2,3,,11,32,29,21
3,萬里,2023-01-10,37,2,1,,26,18,37,25
2,汐止,2023-01-10,33,5,1,,9,33,28,15
58,小港,2023-01-10,131,8,8,,74,59,41,131
77,金門,2023-01-10,61,2,3,,25,43,37,61
75,馬祖,2023-01-10,108,2,3,,54,13,61,108
72,埔里,2023-01-10,80,2,5,,39,27,36,80
71,復興,2023-01-10,117,5,10,,78,53,,117
70,永和,2023-01-10,37,2,5,,13,37,,30
67,三重,2023-01-10,55,2,12,,16,55,,25
66,冬山,2023-01-10,37,2,2,,15,37,31,16
65,宜蘭,2023-01-10,35,2,2,,11,18,35,25
64,陽明,2023-01-10,39,0,1,,3,2,39,2
63,花蓮,2023-01-10,31,0,2,,13,28,31,21
62,臺東,2023-01-10,32,0,2,,13,23,32,17
61,恆春,2023-01-10,36,2,1,,11,0,36,13
60,潮州,2023-01-10,117,8,5,,73,28,58,117
69,竹山,2023-01-10,103,2,5,,58,35,30,103
68,中壢,2023-01-10,48,2,7,,18,48,,36
80,關山,2023-01-10,31,2,1,,8,8,31,25
35,二林,2023-01-10,69,5,3,,55,22,34,69
85,大城,2023-01-10,55,2,2,,35,18,47,55
59,屏東,2023-01-10,120,8,5,,74,32,49,120
84,富貴角,2023-01-10,46,0,1,,23,2,46,23
83,麥寮,2023-01-10,65,2,2,,44,17,,65
58,小港,2023-01-11,133,8,5,,72,62,33,133
5,土城,2023-01-11,42,2,3,,13,42,19,16
85,大城,2023-01-11,56,0,1,,41,8,40,56
84,富貴角,2023-01-11,39,2,1,,27,7,39,25
83,麥寮,2023-01-11,61,2,1,,51,10,,61
80,關山,2023-01-11,27,2,1,,5,12,27,15
78,馬公,2023-01-11,46,0,1,,25,8,40,46
77,金門,2023-01-11,52,2,3,,26,37,32,52
75,馬祖,2023-01-11,60,2,2,,27,13,40,60
72,埔里,2023-01-11,68,2,3,,39,28,37,68
71,復興,2023-01-11,118,2,8,,78,54,,118
70,永和,2023-01-11,38,2,6,,14,38,,28
69,竹山,2023-01-11,107,5,3,,74,33,29,107
68,中壢,2023-01-11,54,2,16,,24,54,,42
67,三重,2023-01-11,55,2,14,,19,55,,25
66,冬山,2023-01-11,37,5,2,,17,37,27,18
65,宜蘭,2023-01-11,29,2,2,,13,13,29,25
64,陽明,2023-01-11,33,2,1,,5,2,33,2
63,花蓮,2023-01-11,34,2,2,,14,12,34,16
62,臺東,2023-01-11,31,0,2,,11,12,31,12
61,恆春,2023-01-11,35,0,1,,13,0,35,20
60,潮州,2023-01-11,106,8,3,,67,32,67,106
59,屏東,2023-01-11,116,2,3,,68,27,45,116
57,前鎮,2023-01-11,120,5,7,,83,52,,120
56,前金,2023-01-11,127,5,5,,76,50,37,127
54,左營,2023-01-11,114,2,5,,74,40,31,114
53,楠梓,2023-01-11,113,5,5,,76,38,34,113
52,林園,2023-01-11,104,8,5,,76,45,41,104
51,大寮,2023-01-11,136,5,5,,76,57,43,136
50,鳳山,2023-01-11,131,2,9,,71,56,,131
49,仁武,2023-01-11,128,5,5,,70,45,30,128
48,橋頭,2023-01-11,114,2,3,,80,33,31,114
47,美濃,2023-01-11,99,2,3,,57,20,41,99
46,臺南,2023-01-11,137,2,8,,68,40,27,137
45,安南,2023-01-11,102,0,3,,69,28,33,102
44,善化,2023-01-11,110,2,3,,73,25,31,110
43,新營,2023-01-11,103,2,3,,75,25,30,103
42,嘉義,2023-01-11,117,5,3,,80,35,24,117
41,臺西,2023-01-11,61,2,1,,45,15,,61
40,朴子,2023-01-11,89,2,2,,62,13,35,89
39,新港,2023-01-11,99,2,2,,73,20,31,99
38,崙背,2023-01-11,91,2,2,,68,22,30,91
37,斗六,2023-01-11,106,2,3,,81,30,27,106
36,南投,2023-01-11,82,2,3,,56,45,29,82
35,二林,2023-01-11,70,8,2,,64,22,31,70
34,線西,2023-01-11,62,8,3,,51,32,,62
33,彰化,2023-01-11,65,2,2,,52,30,27,65
32,西屯,2023-01-11,60,0,2,,36,40,25,60
31,忠明,2023-01-11,56,2,3,,33,40,24,56
30,大里,2023-01-11,63,2,5,,39,38,23,63
29,沙鹿,2023-01-11,45,2,2,,45,18,31,45
28,豐原,2023-01-11,58,2,2,,26,32,13,58
27,三義,2023-01-11,25,2,2,,11,23,21,25
26,苗栗,2023-01-11,52,5,2,,33,23,28,52
25,頭份,2023-01-11,41,5,3,,31,35,,41
24,新竹,2023-01-11,37,2,3,,25,37,27,34
23,竹東,2023-01-11,53,0,3,,23,35,17,53
22,湖口,2023-01-11,38,2,2,,23,38,29,33
21,龍潭,2023-01-11,47,2,5,,19,47,18,38
20,平鎮,2023-01-11,53,5,6,,18,53,18,37
19,觀音,2023-01-11,36,2,1,,27,30,36,30
18,大園,2023-01-11,40,5,2,,21,40,30,26
17,桃園,2023-01-11,37,5,5,,13,37,21,26
16,大同,2023-01-11,52,5,9,,21,52,,36
15,松山,2023-01-11,50,2,3,,19,50,21,26
14,古亭,2023-01-11,38,2,2,,14,38,22,29
13,萬華,2023-01-11,48,2,3,,11,48,23,25
12,中山,2023-01-11,45,2,5,,13,45,22,19
11,士林,2023-01-11,33,2,2,,12,33,29,21
10,淡水,2023-01-11,38,2,2,,7,38,31,18
9,林口,2023-01-11,47,2,2,,12,47,23,14
8,菜寮,2023-01-11,35,2,3,,12,35,23,22
7,新莊,2023-01-11,33,2,3,,14,33,26,18
6,板橋,2023-01-11,42,0,5,,12,42,20,28
1,基隆,2023-01-11,29,5,2,,16,20,29,
2,汐止,2023-01-11,40,2,2,,11,40,21,20
3,萬里,2023-01-11,31,2,1,,21,18,31,26
4,新店,2023-01-11,33,2,3,,12,33,25,19
49,仁武,2023-01-12,125,5,6,,69,61,33,125
50,鳳山,2023-01-12,120,10,11,,66,62,,120
51,大寮,2023-01-12,119,8,8,,74,64,45,119
52,林園,2023-01-12,96,10,5,,74,50,51,96
53,楠梓,2023-01-12,114,5,6,,78,58,40,114
54,左營,2023-01-12,109,5,5,,74,51,37,109
56,前金,2023-01-12,113,8,6,,70,52,44,113
57,前鎮,2023-01-12,107,8,9,,76,59,,107
58,小港,2023-01-12,115,10,8,,66,67,35,115
59,屏東,2023-01-12,99,5,6,,63,54,44,99
60,潮州,2023-01-12,113,8,5,,70,35,87,113
61,恆春,2023-01-12,36,0,1,,17,0,36,22
62,臺東,2023-01-12,31,0,3,,19,27,31,21
63,花蓮,2023-01-12,33,12,2,,16,33,31,18
64,陽明,2023-01-12,34,2,3,,16,22,34,23
65,宜蘭,2023-01-12,31,2,2,,19,23,31,28
66,冬山,2023-01-12,30,0,2,,18,25,30,17
68,中壢,2023-01-12,84,2,11,,40,60,,84
72,埔里,2023-01-12,71,2,5,,41,33,44,71
75,馬祖,2023-01-12,46,5,6,,21,28,24,46
77,金門,2023-01-12,70,5,5,,38,47,20,70
69,竹山,2023-01-12,136,5,5,,78,42,40,136
80,關山,2023-01-12,25,0,1,,11,13,25,22
83,麥寮,2023-01-12,80,8,3,,53,20,,80
84,富貴角,2023-01-12,47,0,2,,30,23,41,47
70,永和,2023-01-12,73,5,17,,37,72,,73
85,大城,2023-01-12,69,5,2,,42,22,37,69
71,復興,2023-01-12,107,5,10,,73,58,,107
78,馬公,2023-01-12,37,0,2,,19,7,37,37
67,三重,2023-01-12,69,8,15,,39,67,,69
48,橋頭,2023-01-12,115,2,6,,83,55,36,115
47,美濃,2023-01-12,85,0,3,,51,18,41,85
46,臺南,2023-01-12,136,2,9,,61,53,32,136
45,安南,2023-01-12,112,2,3,,66,38,39,112
44,善化,2023-01-12,116,2,3,,70,30,37,116
43,新營,2023-01-12,129,5,3,,73,37,32,129
42,嘉義,2023-01-12,154,10,6,,95,48,29,154
41,臺西,2023-01-12,73,8,2,,46,28,,73
40,朴子,2023-01-12,98,5,3,,52,27,32,98
39,新港,2023-01-12,114,8,3,,68,25,33,114
38,崙背,2023-01-12,103,5,3,,67,27,31,103
37,斗六,2023-01-12,143,8,6,,85,45,32,143
36,南投,2023-01-12,117,10,7,,72,56,29,117
35,二林,2023-01-12,96,10,3,,78,35,30,96
34,線西,2023-01-12,76,8,3,,48,43,,76
33,彰化,2023-01-12,96,15,6,,67,55,19,96
32,西屯,2023-01-12,90,10,6,,49,50,24,90
31,忠明,2023-01-12,82,5,7,,48,54,26,82
30,大里,2023-01-12,101,8,7,,66,57,23,101
27,三義,2023-01-12,55,0,3,,27,32,17,55
29,沙鹿,2023-01-12,63,2,5,,,40,30,63
28,豐原,2023-01-12,83,2,5,,42,54,15,83
25,頭份,2023-01-12,62,5,3,,41,42,,62
24,新竹,2023-01-12,61,2,5,,38,48,31,61
23,竹東,2023-01-12,67,2,5,,27,52,19,67
22,湖口,2023-01-12,64,2,3,,33,37,34,64
21,龍潭,2023-01-12,79,2,6,,35,55,26,79
20,平鎮,2023-01-12,80,5,6,,35,55,26,80
19,觀音,2023-01-12,62,15,2,,35,37,33,62
18,大園,2023-01-12,67,8,2,,38,48,30,67
17,桃園,2023-01-12,74,15,6,,36,59,23,74
16,大同,2023-01-12,70,8,20,,39,63,,70
15,松山,2023-01-12,64,5,7,,38,64,25,61
14,古亭,2023-01-12,73,5,9,,32,73,29,67
13,萬華,2023-01-12,69,5,10,,,69,24,69
12,中山,2023-01-12,69,5,10,,37,69,19,64
11,士林,2023-01-12,67,5,6,,35,59,26,67
10,淡水,2023-01-12,53,2,3,,24,32,33,53
9,林口,2023-01-12,64,8,5,,32,63,23,64
8,菜寮,2023-01-12,69,8,6,,34,59,30,69
7,新莊,2023-01-12,67,2,6,,36,67,24,62
6,板橋,2023-01-12,73,20,9,,34,69,26,73
5,土城,2023-01-12,68,10,9,,39,67,27,68
4,新店,2023-01-12,73,5,10,,32,73,30,63
3,萬里,2023-01-12,44,2,2,,33,28,37,44
2,汐止,2023-01-12,60,8,8,,30,60,26,55
1,基隆,2023-01-12,43,8,7,,28,40,23,43
26,苗栗,2023-01-12,77,5,3,,39,27,24,77
53,楠梓,2023-01-13,72,12,6,,54,52,35,72
52,林園,2023-01-13,73,8,5,,55,37,41,73
69,竹山,2023-01-13,108,5,5,,51,30,108,97
2,汐止,2023-01-13,57,5,9,,34,55,24,57
85,大城,2023-01-13,116,8,3,,65,42,87,116
84,富貴角,2023-01-13,53,2,2,,26,35,44,53
83,麥寮,2023-01-13,105,8,5,,62,42,,105
1,基隆,2023-01-13,64,5,9,,31,64,20,57
80,關山,2023-01-13,28,0,1,,14,12,28,23
78,馬公,2023-01-13,61,10,3,,25,37,61,42
77,金門,2023-01-13,69,5,3,,34,52,13,69
75,馬祖,2023-01-13,64,5,5,,22,42,19,64
72,埔里,2023-01-13,77,5,5,,42,28,71,77
71,復興,2023-01-13,81,10,10,,56,59,,81
70,永和,2023-01-13,77,5,20,,39,77,,76
68,中壢,2023-01-13,105,8,18,,58,73,,105
67,三重,2023-01-13,84,5,20,,47,78,,84
66,冬山,2023-01-13,27,0,3,,22,23,27,25
65,宜蘭,2023-01-13,33,2,3,,23,20,28,33
64,陽明,2023-01-13,67,12,3,,19,20,67,32
63,花蓮,2023-01-13,28,8,3,,24,25,27,28
62,臺東,2023-01-13,23,0,5,,21,23,21,20
61,恆春,2023-01-13,33,0,1,,17,0,33,20
60,潮州,2023-01-13,65,2,3,,33,18,39,65
59,屏東,2023-01-13,69,2,5,,45,33,42,69
58,小港,2023-01-13,85,15,6,,51,62,35,85
57,前鎮,2023-01-13,85,12,9,,62,54,,85
56,前金,2023-01-13,81,8,7,,53,58,41,81
54,左營,2023-01-13,89,15,9,,57,60,39,89
51,大寮,2023-01-13,78,5,6,,61,45,36,78
50,鳳山,2023-01-13,89,18,7,,48,57,,89
49,仁武,2023-01-13,84,12,7,,51,60,35,84
48,橋頭,2023-01-13,76,10,5,,58,43,38,76
47,美濃,2023-01-13,56,2,3,,41,18,47,56
46,臺南,2023-01-13,116,10,11,,56,57,47,116
45,安南,2023-01-13,98,10,7,,59,55,67,98
44,善化,2023-01-13,82,15,5,,49,38,64,82
43,新營,2023-01-13,91,8,6,,56,40,74,91
42,嘉義,2023-01-13,111,20,7,,62,45,97,111
41,臺西,2023-01-13,97,8,3,,57,42,,97
40,朴子,2023-01-13,105,5,5,,59,40,100,105
39,新港,2023-01-13,127,5,6,,75,48,104,127
38,崙背,2023-01-13,132,10,6,,79,38,97,132
37,斗六,2023-01-13,122,8,6,,67,45,115,122
36,南投,2023-01-13,104,8,6,,56,42,93,104
35,二林,2023-01-13,137,10,5,,91,40,93,137
34,線西,2023-01-13,104,12,6,,63,52,,104
33,彰化,2023-01-13,105,10,11,,61,58,74,105
32,西屯,2023-01-13,100,8,10,,61,60,84,100
31,忠明,2023-01-13,89,8,12,,53,54,80,89
30,大里,2023-01-13,92,8,9,,53,56,84,92
29,沙鹿,2023-01-13,90,30,9,,,73,34,90
28,豐原,2023-01-13,67,10,5,,34,57,37,67
27,三義,2023-01-13,58,8,5,,30,42,50,58
26,苗栗,2023-01-13,78,12,8,,36,60,38,78
25,頭份,2023-01-13,74,15,8,,41,63,,74
24,新竹,2023-01-13,78,8,11,,41,69,42,78
23,竹東,2023-01-13,53,5,5,,26,52,38,53
22,湖口,2023-01-13,121,8,8,,58,59,44,121
21,龍潭,2023-01-13,66,2,7,,32,61,40,66
20,平鎮,2023-01-13,114,12,11,,53,74,46,114
19,觀音,2023-01-13,105,20,5,,58,72,20,105
18,大園,2023-01-13,113,18,7,,63,79,30,113
17,桃園,2023-01-13,95,15,11,,51,72,45,95
3,萬里,2023-01-13,52,5,3,,25,52,26,47
4,新店,2023-01-13,61,5,8,,27,53,61,54
5,土城,2023-01-13,67,10,9,,39,67,40,66
6,板橋,2023-01-13,81,8,9,,39,66,58,81
7,新莊,2023-01-13,77,15,11,,47,76,51,77
8,菜寮,2023-01-13,77,8,11,,41,69,49,77
9,林口,2023-01-13,79,22,7,,42,73,45,79
10,淡水,2023-01-13,76,2,7,,31,72,30,76
11,士林,2023-01-13,69,10,8,,36,61,44,69
12,中山,2023-01-13,72,5,12,,39,72,41,71
13,萬華,2023-01-13,80,8,12,,,69,47,80
14,古亭,2023-01-13,64,5,10,,30,55,61,64
15,松山,2023-01-13,60,8,9,,33,56,39,60
16,大同,2023-01-13,87,8,25,,46,75,,87
67,三重,2023-01-14,59,8,14,,36,59,,58
66,冬山,2023-01-14,33,5,5,,29,28,31,33
65,宜蘭,2023-01-14,51,10,3,,27,18,48,51
64,陽明,2023-01-14,41,5,2,,20,12,41,37
63,花蓮,2023-01-14,33,12,3,,21,33,23,24
62,臺東,2023-01-14,26,0,2,,20,10,26,18
61,恆春,2023-01-14,31,0,1,,11,5,31,14
60,潮州,2023-01-14,31,5,2,,18,20,31,24
59,屏東,2023-01-14,39,2,3,,30,33,35,39
58,小港,2023-01-14,42,8,2,,23,42,22,41
57,前鎮,2023-01-14,47,5,5,,26,47,,28
56,前金,2023-01-14,52,8,3,,21,52,29,31
54,左營,2023-01-14,40,15,5,,21,40,29,32
53,楠梓,2023-01-14,42,8,3,,33,42,27,23
52,林園,2023-01-14,35,2,2,,28,25,35,35
51,大寮,2023-01-14,46,12,3,,33,33,24,46
50,鳳山,2023-01-14,45,8,6,,26,32,,45
49,仁武,2023-01-14,33,2,3,,23,33,27,32
48,橋頭,2023-01-14,33,5,2,,31,33,29,28
47,美濃,2023-01-14,37,2,2,,22,15,37,31
46,臺南,2023-01-14,44,5,9,,26,42,26,44
45,安南,2023-01-14,48,8,5,,26,48,28,39
44,善化,2023-01-14,31,2,2,,19,27,31,25
43,新營,2023-01-14,32,5,3,,26,27,31,32
42,嘉義,2023-01-14,35,5,3,,29,27,32,35
41,臺西,2023-01-14,52,2,3,,33,33,,52
40,朴子,2023-01-14,38,5,5,,31,37,31,38
39,新港,2023-01-14,55,10,5,,40,38,31,55
38,崙背,2023-01-14,76,8,5,,51,42,28,76
37,斗六,2023-01-14,59,5,3,,35,20,35,59
36,南投,2023-01-14,64,5,3,,36,22,36,64
35,二林,2023-01-14,91,8,5,,60,33,30,91
34,線西,2023-01-14,88,5,6,,50,47,,88
33,彰化,2023-01-14,65,10,6,,38,30,31,65
32,西屯,2023-01-14,79,5,6,,47,53,31,79
31,忠明,2023-01-14,69,2,7,,41,53,33,69
30,大里,2023-01-14,66,5,7,,40,42,30,66
29,沙鹿,2023-01-14,60,5,5,,39,42,30,60
28,豐原,2023-01-14,49,2,3,,27,23,23,49
27,三義,2023-01-14,56,5,2,,31,18,43,56
26,苗栗,2023-01-14,56,5,5,,28,51,31,56
25,頭份,2023-01-14,60,18,5,,36,53,,60
24,新竹,2023-01-14,61,12,7,,36,59,28,61
23,竹東,2023-01-14,44,5,3,,27,25,32,44
1,基隆,2023-01-14,61,10,7,,34,54,61,61
21,龍潭,2023-01-14,48,2,5,,23,45,33,48
20,平鎮,2023-01-14,63,10,6,,30,63,30,62
19,觀音,2023-01-14,96,10,7,,54,55,34,96
18,大園,2023-01-14,82,15,8,,45,64,33,82
17,桃園,2023-01-14,68,40,9,,36,68,31,68
16,大同,2023-01-14,62,8,14,,36,58,,62
15,松山,2023-01-14,55,8,6,,33,51,33,55
14,古亭,2023-01-14,54,5,6,,25,47,37,54
13,萬華,2023-01-14,57,8,8,,26,57,29,56
12,中山,2023-01-14,55,5,8,,33,54,27,55
11,士林,2023-01-14,59,8,6,,34,43,32,59
10,淡水,2023-01-14,61,12,7,,30,52,34,61
9,林口,2023-01-14,64,12,6,,30,64,33,52
8,菜寮,2023-01-14,57,8,7,,29,57,32,54
7,新莊,2023-01-14,54,5,8,,31,54,36,51
6,板橋,2023-01-14,61,5,8,,30,55,34,61
5,土城,2023-01-14,57,5,8,,34,55,35,57
4,新店,2023-01-14,50,5,5,,27,40,42,50
3,萬里,2023-01-14,71,10,5,,36,42,71,61
2,汐止,2023-01-14,60,5,6,,34,57,19,60
22,湖口,2023-01-14,64,8,6,,36,55,35,64
85,大城,2023-01-14,60,2,3,,38,33,29,60
84,富貴角,2023-01-14,55,8,3,,33,28,47,55
83,麥寮,2023-01-14,58,5,5,,39,37,,58
80,關山,2023-01-14,26,0,1,,12,8,24,26
78,馬公,2023-01-14,29,0,1,,17,8,29,22
77,金門,2023-01-14,54,2,5,,21,53,11,54
75,馬祖,2023-01-14,40,0,2,,10,37,40,36
72,埔里,2023-01-14,61,2,5,,33,28,38,61
71,復興,2023-01-14,43,5,6,,24,43,,25
70,永和,2023-01-14,58,5,11,,30,58,,57
69,竹山,2023-01-14,55,2,3,,32,30,38,55
68,中壢,2023-01-14,65,8,12,,38,62,,65
54,左營,2023-01-15,62,2,3,,43,28,37,62
58,小港,2023-01-15,68,8,3,,44,47,37,68
56,前金,2023-01-15,59,2,3,,42,28,39,59
53,楠梓,2023-01-15,53,5,3,,46,25,36,53
52,林園,2023-01-15,57,5,3,,48,35,38,57
51,大寮,2023-01-15,64,15,5,,42,33,39,64
50,鳳山,2023-01-15,73,5,7,,47,38,,73
49,仁武,2023-01-15,63,5,3,,40,28,35,63
48,橋頭,2023-01-15,55,5,3,,50,25,35,55
47,美濃,2023-01-15,54,5,3,,39,15,41,54
46,臺南,2023-01-15,64,5,6,,43,20,32,64
45,安南,2023-01-15,57,2,3,,45,28,33,57
44,善化,2023-01-15,51,5,3,,35,22,33,51
43,新營,2023-01-15,49,5,3,,43,20,31,49
42,嘉義,2023-01-15,53,18,3,,39,20,31,53
41,臺西,2023-01-15,40,2,2,,32,17,,40
40,朴子,2023-01-15,47,5,3,,47,17,33,46
39,新港,2023-01-15,48,5,3,,48,22,31,45
38,崙背,2023-01-15,47,5,3,,44,15,27,47
37,斗六,2023-01-15,47,2,3,,32,17,33,47
36,南投,2023-01-15,30,2,3,,18,22,30,29
35,二林,2023-01-15,76,8,3,,76,15,28,34
34,線西,2023-01-15,33,5,5,,33,20,,32
33,彰化,2023-01-15,28,2,3,,22,20,28,28
32,西屯,2023-01-15,30,2,2,,17,27,30,17
31,忠明,2023-01-15,30,2,2,,16,30,29,21
30,大里,2023-01-15,32,2,3,,13,32,26,14
29,沙鹿,2023-01-15,29,2,2,,19,15,29,24
28,豐原,2023-01-15,19,0,2,,8,18,19,19
27,三義,2023-01-15,29,2,2,,5,12,29,12
26,苗栗,2023-01-15,27,5,2,,11,18,27,25
25,頭份,2023-01-15,18,2,2,,9,18,,16
24,新竹,2023-01-15,27,2,2,,10,15,27,14
23,竹東,2023-01-15,31,0,2,,4,17,31,11
22,湖口,2023-01-15,29,2,2,,11,12,29,11
21,龍潭,2023-01-15,30,2,2,,3,15,30,9
20,平鎮,2023-01-15,27,2,3,,8,22,27,26
19,觀音,2023-01-15,30,8,2,,14,7,30,20
18,大園,2023-01-15,29,2,2,,10,17,29,14
17,桃園,2023-01-15,26,2,3,,6,23,26,11
16,大同,2023-01-15,28,2,5,,12,28,,21
15,松山,2023-01-15,28,0,2,,5,18,28,11
14,古亭,2023-01-15,28,0,2,,4,13,28,13
13,萬華,2023-01-15,27,2,2,,2,17,27,16
12,中山,2023-01-15,25,0,3,,6,25,23,10
11,士林,2023-01-15,31,2,2,,4,15,31,11
10,淡水,2023-01-15,31,2,2,,5,5,31,14
9,林口,2023-01-15,29,2,2,,6,15,29,8
8,菜寮,2023-01-15,27,0,3,,5,15,27,15
7,新莊,2023-01-15,28,0,2,,6,13,28,10
6,板橋,2023-01-15,25,0,3,,5,22,25,14
5,土城,2023-01-15,28,2,3,,6,13,28,7
4,新店,2023-01-15,28,2,2,,4,15,28,12
3,萬里,2023-01-15,51,2,2,,42,3,33,51
2,汐止,2023-01-15,21,2,2,,4,8,21,11
1,基隆,2023-01-15,31,2,2,,14,5,31,18
57,前鎮,2023-01-15,58,5,5,,50,33,,58
64,陽明,2023-01-15,32,2,2,,2,3,32,1
65,宜蘭,2023-01-15,30,0,2,,8,10,30,12
66,冬山,2023-01-15,32,0,2,,12,8,32,6
67,三重,2023-01-15,47,2,11,,7,47,,17
68,中壢,2023-01-15,32,2,5,,13,32,,22
69,竹山,2023-01-15,53,8,3,,29,27,37,53
70,永和,2023-01-15,18,0,3,,6,17,,18
71,復興,2023-01-15,59,2,6,,48,32,,59
72,埔里,2023-01-15,39,2,3,,19,18,39,29
75,馬祖,2023-01-15,27,0,3,,13,8,25,27
77,金門,2023-01-15,33,2,5,,13,33,22,23
78,馬公,2023-01-15,34,0,2,,18,10,34,28
80,關山,2023-01-15,29,2,2,,7,7,29,19
83,麥寮,2023-01-15,39,5,3,,38,17,,39
84,富貴角,2023-01-15,37,0,2,,29,3,37,20
85,大城,2023-01-15,34,5,2,,27,15,34,31
63,花蓮,2023-01-15,31,2,2,,14,15,31,13
59,屏東,2023-01-15,66,12,5,,49,30,43,66
60,潮州,2023-01-15,57,5,3,,38,25,40,57
61,恆春,2023-01-15,37,2,2,,11,7,37,22
62,臺東,2023-01-15,31,0,2,,15,10,31,18
16,大同,2023-01-16,54,2,10,,19,54,,35
56,前金,2023-01-16,56,5,6,,38,45,34,56
57,前鎮,2023-01-16,53,5,7,,45,48,,53
58,小港,2023-01-16,60,10,6,,40,52,32,60
59,屏東,2023-01-16,61,5,5,,41,35,37,61
60,潮州,2023-01-16,63,12,5,,42,38,49,63
61,恆春,2023-01-16,39,2,2,,6,2,39,10
62,臺東,2023-01-16,30,0,3,,10,15,30,13
63,花蓮,2023-01-16,29,2,5,,10,25,29,7
64,陽明,2023-01-16,34,0,3,,4,5,34,2
65,宜蘭,2023-01-16,26,2,5,,7,13,26,14
66,冬山,2023-01-16,37,0,5,,10,37,25,13
67,三重,2023-01-16,54,2,15,,11,54,,24
68,中壢,2023-01-16,45,2,8,,24,45,,41
69,竹山,2023-01-16,38,2,5,,21,38,20,31
70,永和,2023-01-16,33,2,7,,12,32,,33
71,復興,2023-01-16,56,2,8,,43,51,,56
72,埔里,2023-01-16,31,5,5,,19,23,31,30
75,馬祖,2023-01-16,57,2,2,,31,7,36,57
77,金門,2023-01-16,42,2,3,,23,12,26,42
78,馬公,2023-01-16,43,0,3,,24,5,33,43
80,關山,2023-01-16,29,2,3,,7,10,29,17
83,麥寮,2023-01-16,55,8,5,,35,18,,55
84,富貴角,2023-01-16,45,0,3,,38,5,40,45
85,大城,2023-01-16,40,2,3,,23,13,29,40
1,基隆,2023-01-16,31,2,5,,17,12,31,30
2,汐止,2023-01-16,29,2,5,,12,25,19,29
3,萬里,2023-01-16,48,0,3,,48,7,31,47
4,新店,2023-01-16,33,2,6,,10,33,24,21
5,土城,2023-01-16,32,2,6,,11,32,25,18
6,板橋,2023-01-16,38,2,6,,10,38,22,28
7,新莊,2023-01-16,37,0,5,,14,37,24,27
8,菜寮,2023-01-16,30,2,6,,8,30,24,26
9,林口,2023-01-16,28,2,3,,14,28,26,28
10,淡水,2023-01-16,35,2,3,,13,8,31,35
11,士林,2023-01-16,29,2,3,,7,17,29,15
12,中山,2023-01-16,42,0,7,,11,42,22,22
13,萬華,2023-01-16,42,2,6,,,42,19,
14,古亭,2023-01-16,33,0,5,,11,33,24,28
15,松山,2023-01-16,40,2,5,,12,40,25,26
17,桃園,2023-01-16,37,0,6,,14,37,25,30
18,大園,2023-01-16,37,8,3,,21,37,28,36
19,觀音,2023-01-16,44,8,3,,25,12,32,44
20,平鎮,2023-01-16,43,0,5,,16,37,23,43
21,龍潭,2023-01-16,30,8,5,,8,30,24,22
22,湖口,2023-01-16,31,2,3,,20,15,29,31
23,竹東,2023-01-16,27,0,3,,7,20,27,17
24,新竹,2023-01-16,40,2,5,,20,20,26,40
25,頭份,2023-01-16,28,5,5,,16,20,,28
26,苗栗,2023-01-16,31,2,5,,15,23,25,31
27,三義,2023-01-16,25,2,5,,10,17,25,23
28,豐原,2023-01-16,24,8,5,,11,15,19,24
29,沙鹿,2023-01-16,31,2,5,,19,22,25,31
30,大里,2023-01-16,35,2,6,,14,35,21,15
31,忠明,2023-01-16,32,2,5,,16,32,24,31
32,西屯,2023-01-16,31,2,5,,20,27,25,31
33,彰化,2023-01-16,37,2,6,,20,30,23,37
34,線西,2023-01-16,39,5,5,,27,22,,39
35,二林,2023-01-16,38,8,5,,38,22,24,33
36,南投,2023-01-16,38,2,6,,20,38,20,32
37,斗六,2023-01-16,45,2,5,,28,33,21,45
38,崙背,2023-01-16,42,5,5,,31,22,23,42
39,新港,2023-01-16,39,5,5,,33,22,24,39
40,朴子,2023-01-16,47,8,5,,34,28,26,47
41,臺西,2023-01-16,45,5,3,,29,13,,45
42,嘉義,2023-01-16,37,10,5,,27,35,19,37
43,新營,2023-01-16,37,5,5,,30,32,24,37
44,善化,2023-01-16,44,5,5,,26,32,27,44
45,安南,2023-01-16,51,2,5,,41,30,28,51
46,臺南,2023-01-16,61,2,7,,35,37,27,61
47,美濃,2023-01-16,53,2,5,,35,27,38,53
48,橋頭,2023-01-16,48,5,5,,40,40,28,48
49,仁武,2023-01-16,55,5,6,,38,51,25,55
50,鳳山,2023-01-16,61,5,9,,40,55,,61
51,大寮,2023-01-16,63,25,6,,43,53,35,63
52,林園,2023-01-16,59,8,5,,45,59,44,57
53,楠梓,2023-01-16,45,8,5,,36,40,30,45
54,左營,2023-01-16,54,5,6,,39,47,34,54
46,臺南,2023-01-17,66,2,7,,32,32,32,66
1,基隆,2023-01-17,43,2,5,,12,43,31,17
2,汐止,2023-01-17,54,2,5,,8,54,22,20
3,萬里,2023-01-17,37,0,2,,37,15,33,20
4,新店,2023-01-17,38,5,5,,11,38,21,17
5,土城,2023-01-17,37,5,5,,11,37,25,9
6,板橋,2023-01-17,45,2,5,,9,45,26,25
7,新莊,2023-01-17,47,0,5,,13,47,28,18
8,菜寮,2023-01-17,47,2,5,,8,47,26,21
9,林口,2023-01-17,32,0,2,,10,32,29,14
10,淡水,2023-01-17,31,2,2,,6,18,31,14
11,士林,2023-01-17,38,2,3,,6,38,29,16
12,中山,2023-01-17,52,2,6,,10,52,24,14
13,萬華,2023-01-17,48,2,5,,7,48,26,14
14,古亭,2023-01-17,37,2,3,,9,37,29,19
15,松山,2023-01-17,53,2,3,,11,53,26,19
16,大同,2023-01-17,55,5,12,,19,55,,32
17,桃園,2023-01-17,47,2,6,,10,47,23,20
18,大園,2023-01-17,31,5,2,,13,30,31,14
19,觀音,2023-01-17,32,10,5,,18,12,32,22
20,平鎮,2023-01-17,47,2,5,,12,47,21,27
21,龍潭,2023-01-17,38,2,5,,7,38,28,21
22,湖口,2023-01-17,31,2,2,,13,15,31,17
23,竹東,2023-01-17,33,0,3,,10,33,29,22
24,新竹,2023-01-17,27,2,3,,15,23,27,20
25,頭份,2023-01-17,28,8,3,,14,28,,24
26,苗栗,2023-01-17,28,5,2,,14,25,25,28
27,三義,2023-01-17,25,2,2,,10,20,25,20
28,豐原,2023-01-17,27,0,3,,11,17,19,27
29,沙鹿,2023-01-17,28,2,2,,17,15,28,25
30,大里,2023-01-17,33,2,3,,16,33,27,23
31,忠明,2023-01-17,34,2,3,,,30,27,34
32,西屯,2023-01-17,34,0,2,,20,20,30,34
33,彰化,2023-01-17,34,2,3,,22,32,27,34
34,線西,2023-01-17,29,8,3,,19,18,,29
35,二林,2023-01-17,34,8,3,,28,17,31,34
36,南投,2023-01-17,43,2,5,,24,35,30,43
37,斗六,2023-01-17,53,5,3,,32,22,33,53
38,崙背,2023-01-17,46,2,3,,26,18,31,46
39,新港,2023-01-17,52,5,3,,32,15,32,52
40,朴子,2023-01-17,45,5,3,,27,17,33,45
41,臺西,2023-01-17,38,5,2,,23,17,,38
42,嘉義,2023-01-17,47,18,3,,31,27,32,47
43,新營,2023-01-17,51,5,3,,32,32,34,51
44,善化,2023-01-17,56,5,3,,27,27,39,56
45,安南,2023-01-17,57,2,5,,33,28,35,57
47,美濃,2023-01-17,71,2,5,,42,22,44,71
48,橋頭,2023-01-17,65,2,5,,42,28,39,65
49,仁武,2023-01-17,74,2,6,,44,42,38,74
50,鳳山,2023-01-17,84,8,9,,44,52,,84
51,大寮,2023-01-17,81,22,7,,49,55,41,81
52,林園,2023-01-17,75,15,7,,55,54,44,75
53,楠梓,2023-01-17,60,5,5,,43,33,37,60
54,左營,2023-01-17,69,5,5,,40,35,42,69
56,前金,2023-01-17,71,2,6,,38,35,44,71
57,前鎮,2023-01-17,67,5,7,,46,42,,67
58,小港,2023-01-17,76,5,7,,44,51,41,76
59,屏東,2023-01-17,78,5,6,,49,28,49,78
60,潮州,2023-01-17,82,10,6,,51,30,61,82
61,恆春,2023-01-17,38,2,2,,3,2,38,6
62,臺東,2023-01-17,35,2,3,,8,12,35,10
63,花蓮,2023-01-17,35,2,3,,11,27,35,15
64,陽明,2023-01-17,36,2,2,,1,2,36,1
65,宜蘭,2023-01-17,26,2,2,,9,12,26,14
66,冬山,2023-01-17,30,0,2,,9,25,30,7
67,三重,2023-01-17,60,0,14,,12,60,,23
68,中壢,2023-01-17,52,2,7,,16,52,,32
69,竹山,2023-01-17,47,2,3,,26,28,28,47
70,永和,2023-01-17,37,5,7,,10,37,,26
71,復興,2023-01-17,72,2,8,,45,42,,72
72,埔里,2023-01-17,48,5,5,,28,23,41,48
75,馬祖,2023-01-17,85,0,2,,43,8,33,85
77,金門,2023-01-17,60,5,5,,34,20,33,60
78,馬公,2023-01-17,42,0,2,,22,7,36,42
80,關山,2023-01-17,31,2,3,,7,17,31,19
83,麥寮,2023-01-17,38,8,3,,24,20,,38
84,富貴角,2023-01-17,40,0,1,,26,3,40,22
85,大城,2023-01-17,34,2,2,,18,20,34,31
22,湖口,2023-01-18,67,2,3,,40,15,35,67
57,前鎮,2023-01-18,84,5,7,,60,48,,84
58,小港,2023-01-18,90,5,8,,54,56,40,90
59,屏東,2023-01-18,80,2,6,,48,38,48,80
60,潮州,2023-01-18,88,5,5,,56,47,74,88
61,恆春,2023-01-18,44,2,2,,3,2,44,5
62,臺東,2023-01-18,37,2,3,,12,13,37,18
63,花蓮,2023-01-18,34,0,5,,13,17,34,18
64,陽明,2023-01-18,39,2,3,,7,5,39,9
65,宜蘭,2023-01-18,30,2,3,,8,12,30,24
66,冬山,2023-01-18,30,0,3,,13,28,30,16
67,三重,2023-01-18,60,5,18,,29,60,,56
68,中壢,2023-01-18,73,2,9,,44,54,,73
69,竹山,2023-01-18,61,2,5,,33,42,39,61
70,永和,2023-01-18,58,5,8,,27,43,,58
71,復興,2023-01-18,87,2,9,,57,50,,87
72,埔里,2023-01-18,45,2,5,,26,32,39,45
75,馬祖,2023-01-18,77,2,2,,36,8,44,77
77,金門,2023-01-18,80,5,5,,44,15,35,80
78,馬公,2023-01-18,61,2,3,,34,7,41,61
80,關山,2023-01-18,34,2,2,,9,12,34,21
83,麥寮,2023-01-18,68,5,3,,43,17,,68
84,富貴角,2023-01-18,66,0,3,,57,8,48,66
85,大城,2023-01-18,62,2,3,,33,15,40,62
56,前金,2023-01-18,86,5,6,,56,43,44,86
54,左營,2023-01-18,89,5,6,,60,42,46,89
53,楠梓,2023-01-18,74,5,5,,52,42,42,74
52,林園,2023-01-18,85,8,6,,69,59,42,85
51,大寮,2023-01-18,89,5,6,,55,57,40,89
50,鳳山,2023-01-18,96,8,9,,54,57,,96
49,仁武,2023-01-18,86,5,6,,57,47,40,86
48,橋頭,2023-01-18,81,5,5,,56,37,41,81
47,美濃,2023-01-18,69,2,5,,45,25,48,69
46,臺南,2023-01-18,82,2,7,,49,38,37,82
45,安南,2023-01-18,78,2,5,,57,28,40,78
44,善化,2023-01-18,76,5,5,,43,33,40,76
43,新營,2023-01-18,72,5,5,,49,30,39,72
42,嘉義,2023-01-18,63,12,5,,42,37,37,63
41,臺西,2023-01-18,67,2,3,,41,10,,67
40,朴子,2023-01-18,70,5,5,,49,27,41,70
39,新港,2023-01-18,68,8,5,,56,25,38,68
38,崙背,2023-01-18,71,5,5,,47,27,34,71
37,斗六,2023-01-18,75,2,5,,43,33,36,75
36,南投,2023-01-18,59,2,5,,32,40,31,59
35,二林,2023-01-18,60,8,5,,55,25,34,60
34,線西,2023-01-18,64,8,5,,39,23,,64
33,彰化,2023-01-18,64,2,6,,36,35,29,64
32,西屯,2023-01-18,56,2,5,,32,27,31,56
31,忠明,2023-01-18,56,5,5,,27,38,27,56
30,大里,2023-01-18,43,2,6,,22,42,27,43
21,龍潭,2023-01-18,58,2,5,,27,38,30,58
20,平鎮,2023-01-18,67,2,6,,39,40,27,67
19,觀音,2023-01-18,70,10,3,,48,13,40,70
18,大園,2023-01-18,64,8,3,,41,25,36,64
17,桃園,2023-01-18,68,2,7,,35,40,31,68
16,大同,2023-01-18,58,5,9,,32,54,,58
15,松山,2023-01-18,53,2,6,,27,53,28,52
14,古亭,2023-01-18,55,2,5,,25,40,24,55
13,萬華,2023-01-18,55,2,7,,23,55,24,54
12,中山,2023-01-18,52,2,7,,24,52,23,45
11,士林,2023-01-18,45,2,5,,22,35,33,45
10,淡水,2023-01-18,58,2,5,,29,13,34,58
9,林口,2023-01-18,57,2,5,,31,28,34,57
8,菜寮,2023-01-18,51,2,6,,21,38,31,51
7,新莊,2023-01-18,52,0,6,,30,37,32,52
6,板橋,2023-01-18,55,2,7,,26,52,28,55
2,汐止,2023-01-18,56,2,6,,26,53,28,56
5,土城,2023-01-18,47,2,6,,26,40,28,47
4,新店,2023-01-18,45,2,6,,23,38,28,45
3,萬里,2023-01-18,58,2,3,,56,10,39,58
1,基隆,2023-01-18,57,2,5,,30,20,33,57
29,沙鹿,2023-01-18,62,2,5,,36,27,31,62
28,豐原,2023-01-18,40,2,3,,14,17,21,40
27,三義,2023-01-18,44,0,5,,20,18,29,44
26,苗栗,2023-01-18,69,5,5,,37,27,31,69
25,頭份,2023-01-18,62,8,5,,37,23,,62
24,新竹,2023-01-18,71,2,5,,42,27,32,71
23,竹東,2023-01-18,49,2,5,,24,30,28,49
28,豐原,2023-01-19,55,5,5,,29,28,31,55
30,大里,2023-01-19,64,2,7,,41,54,42,64
31,忠明,2023-01-19,67,5,6,,39,35,46,67
32,西屯,2023-01-19,66,2,5,,46,38,46,66
33,彰化,2023-01-19,71,2,6,,49,40,44,71
34,線西,2023-01-19,67,12,6,,47,27,,67
35,二林,2023-01-19,70,10,5,,56,23,47,70
36,南投,2023-01-19,72,5,6,,44,47,42,72
37,斗六,2023-01-19,92,2,5,,62,25,49,92
38,崙背,2023-01-19,81,8,5,,51,25,46,81
39,新港,2023-01-19,79,10,5,,55,18,50,79
40,朴子,2023-01-19,71,8,3,,47,17,54,71
41,臺西,2023-01-19,67,5,3,,46,8,,67
42,嘉義,2023-01-19,78,10,6,,56,35,45,78
43,新營,2023-01-19,79,10,5,,54,30,49,79
44,善化,2023-01-19,86,8,3,,49,25,48,86
45,安南,2023-01-19,84,2,5,,54,28,51,84
46,臺南,2023-01-19,88,2,8,,52,40,45,88
47,美濃,2023-01-19,88,5,5,,53,23,77,88
48,橋頭,2023-01-19,100,5,5,,65,33,51,100
49,仁武,2023-01-19,110,12,6,,67,59,47,110
50,鳳山,2023-01-19,115,10,10,,67,57,,115
51,大寮,2023-01-19,111,18,6,,68,48,77,111
52,林園,2023-01-19,104,10,7,,74,57,71,104
53,楠梓,2023-01-19,96,5,5,,67,38,61,96
54,左營,2023-01-19,105,5,6,,69,38,64,105
56,前金,2023-01-19,106,5,6,,65,38,71,106
57,前鎮,2023-01-19,100,8,8,,70,51,,100
58,小港,2023-01-19,108,8,8,,66,55,51,108
59,屏東,2023-01-19,104,5,6,,63,38,80,104
60,潮州,2023-01-19,126,12,6,,73,35,126,124
61,恆春,2023-01-19,46,0,2,,2,2,46,6
62,臺東,2023-01-19,43,2,3,,9,10,43,13
63,花蓮,2023-01-19,44,2,5,,12,27,44,14
64,陽明,2023-01-19,47,2,3,,9,3,47,10
65,宜蘭,2023-01-19,35,0,5,,17,25,35,33
66,冬山,2023-01-19,35,0,5,,17,30,35,25
67,三重,2023-01-19,64,5,15,,42,61,,64
68,中壢,2023-01-19,67,2,10,,41,55,,67
69,竹山,2023-01-19,80,2,6,,44,37,54,80
70,永和,2023-01-19,56,2,6,,35,30,,56
71,復興,2023-01-19,106,2,10,,69,53,,106
72,埔里,2023-01-19,54,2,6,,28,42,51,54
75,馬祖,2023-01-19,93,5,3,,53,10,51,93
77,金門,2023-01-19,72,2,3,,42,13,64,72
78,馬公,2023-01-19,62,2,3,,43,5,61,62
80,關山,2023-01-19,37,2,3,,7,10,37,26
83,麥寮,2023-01-19,68,8,3,,44,17,,68
84,富貴角,2023-01-19,60,0,3,,51,5,58,60
85,大城,2023-01-19,62,2,3,,38,8,61,62
1,基隆,2023-01-19,58,2,8,,33,52,33,58
2,汐止,2023-01-19,58,2,6,,34,56,31,58
3,萬里,2023-01-19,61,2,3,,57,23,45,61
4,新店,2023-01-19,49,2,5,,30,27,38,49
5,土城,2023-01-19,47,2,6,,34,35,37,47
6,板橋,2023-01-19,63,5,6,,34,37,34,63
7,新莊,2023-01-19,55,5,5,,40,28,40,55
8,菜寮,2023-01-19,61,5,6,,34,30,38,61
9,林口,2023-01-19,55,2,3,,32,38,39,55
10,淡水,2023-01-19,45,2,5,,30,32,40,45
11,士林,2023-01-19,54,2,3,,32,17,41,54
12,中山,2023-01-19,56,8,6,,37,48,31,56
13,萬華,2023-01-19,62,5,6,,36,42,34,62
14,古亭,2023-01-19,58,2,5,,34,33,39,58
15,松山,2023-01-19,55,5,5,,37,45,33,55
16,大同,2023-01-19,69,10,9,,48,57,,69
17,桃園,2023-01-19,62,5,6,,36,28,37,62
18,大園,2023-01-19,57,12,3,,44,40,44,57
19,觀音,2023-01-19,63,10,3,,48,13,45,63
20,平鎮,2023-01-19,66,2,6,,40,53,36,66
21,龍潭,2023-01-19,56,2,5,,30,33,37,56
22,湖口,2023-01-19,62,5,3,,40,23,44,62
23,竹東,2023-01-19,51,2,5,,27,32,42,51
24,新竹,2023-01-19,67,2,5,,43,33,41,67
25,頭份,2023-01-19,66,10,5,,42,35,,66
26,苗栗,2023-01-19,69,8,5,,42,30,43,69
27,三義,2023-01-19,55,2,3,,29,17,46,55
29,沙鹿,2023-01-19,65,2,5,,42,25,47,65
75,馬祖,2023-01-20,87,2,2,,61,8,54,87
1,基隆,2023-01-20,62,5,3,,42,25,48,62
2,汐止,2023-01-20,60,5,3,,36,38,38,60
3,萬里,2023-01-20,73,2,2,,73,8,54,69
4,新店,2023-01-20,49,2,3,,27,20,43,49
5,土城,2023-01-20,43,2,3,,30,18,41,43
6,板橋,2023-01-20,60,2,3,,35,23,39,60
7,新莊,2023-01-20,54,2,3,,39,20,43,54
8,菜寮,2023-01-20,56,5,5,,35,22,43,56
9,林口,2023-01-20,51,2,2,,33,15,44,51
10,淡水,2023-01-20,48,0,2,,32,5,48,44
11,士林,2023-01-20,54,2,2,,34,10,47,54
12,中山,2023-01-20,52,2,3,,38,33,39,52
13,萬華,2023-01-20,56,5,3,,35,32,41,56
14,古亭,2023-01-20,58,5,2,,34,22,44,58
15,松山,2023-01-20,57,2,3,,36,23,42,57
16,大同,2023-01-20,62,8,7,,46,48,,62
17,桃園,2023-01-20,57,5,5,,36,18,42,57
18,大園,2023-01-20,58,10,2,,48,30,44,58
19,觀音,2023-01-20,66,2,2,,60,8,48,66
20,平鎮,2023-01-20,58,5,3,,39,25,43,58
21,龍潭,2023-01-20,45,10,2,,24,15,44,45
22,湖口,2023-01-20,56,5,2,,40,12,44,56
23,竹東,2023-01-20,41,2,2,,19,15,41,36
24,新竹,2023-01-20,56,2,3,,39,20,41,56
25,頭份,2023-01-20,54,5,3,,32,27,,54
26,苗栗,2023-01-20,60,12,3,,33,27,41,60
27,三義,2023-01-20,48,2,3,,23,8,40,48
28,豐原,2023-01-20,52,2,3,,23,20,27,52
29,沙鹿,2023-01-20,61,2,3,,44,17,44,61
30,大里,2023-01-20,57,2,7,,34,42,37,57
31,忠明,2023-01-20,61,2,3,,31,27,43,61
32,西屯,2023-01-20,58,2,3,,36,23,44,58
33,彰化,2023-01-20,70,2,5,,48,32,42,70
34,線西,2023-01-20,65,10,6,,53,23,,65
35,二林,2023-01-20,74,8,3,,74,18,44,66
36,南投,2023-01-20,69,2,6,,38,38,41,69
37,斗六,2023-01-20,88,2,6,,61,27,47,88
38,崙背,2023-01-20,77,5,5,,60,22,43,77
39,新港,2023-01-20,76,5,3,,61,18,48,76
40,朴子,2023-01-20,76,5,5,,59,17,49,76
41,臺西,2023-01-20,69,2,2,,51,8,,69
42,嘉義,2023-01-20,83,5,6,,61,35,46,83
43,新營,2023-01-20,83,5,5,,58,33,48,83
44,善化,2023-01-20,79,5,5,,53,30,48,79
45,安南,2023-01-20,89,2,5,,60,30,48,89
46,臺南,2023-01-20,93,2,6,,59,28,44,93
47,美濃,2023-01-20,79,2,5,,49,20,61,79
48,橋頭,2023-01-20,94,5,5,,70,30,46,94
49,仁武,2023-01-20,107,5,6,,72,33,45,107
50,鳳山,2023-01-20,111,8,10,,74,51,,111
51,大寮,2023-01-20,110,5,6,,68,38,61,110
52,林園,2023-01-20,101,20,7,,79,54,51,101
53,楠梓,2023-01-20,92,5,6,,69,30,48,92
54,左營,2023-01-20,100,5,6,,72,37,49,100
56,前金,2023-01-20,103,5,6,,67,33,50,103
57,前鎮,2023-01-20,99,8,7,,77,37,,99
58,小港,2023-01-20,109,5,7,,72,51,48,109
59,屏東,2023-01-20,96,8,6,,62,35,61,96
60,潮州,2023-01-20,102,8,5,,61,30,90,102
61,恆春,2023-01-20,44,0,2,,2,2,44,7
62,臺東,2023-01-20,41,0,3,,8,10,41,13
63,花蓮,2023-01-20,41,2,3,,12,22,41,17
64,陽明,2023-01-20,51,2,2,,13,2,51,15
65,宜蘭,2023-01-20,44,2,3,,21,15,40,44
66,冬山,2023-01-20,40,0,3,,15,18,40,24
67,三重,2023-01-20,60,5,11,,41,53,,60
68,中壢,2023-01-20,61,2,6,,42,33,,61
69,竹山,2023-01-20,78,2,6,,47,28,46,78
70,永和,2023-01-20,59,5,5,,37,18,,59
71,復興,2023-01-20,107,2,9,,74,45,,107
72,埔里,2023-01-20,60,2,5,,30,28,48,60
77,金門,2023-01-20,79,5,3,,58,28,47,79
78,馬公,2023-01-20,72,2,3,,55,5,54,72
80,關山,2023-01-20,41,2,2,,5,7,41,21
83,麥寮,2023-01-20,67,2,2,,52,8,,67
84,富貴角,2023-01-20,71,0,2,,61,3,71,66
85,大城,2023-01-20,65,2,2,,45,8,50,65
78,馬公,2023-01-21,94,0,2,,73,5,61,94
77,金門,2023-01-21,118,8,3,,69,15,40,118
75,馬祖,2023-01-21,97,2,2,,75,7,48,97
72,埔里,2023-01-21,72,5,5,,36,23,58,72
71,復興,2023-01-21,84,5,8,,57,33,,84
70,永和,2023-01-21,53,2,6,,25,40,,53
69,竹山,2023-01-21,78,2,3,,44,27,74,78
68,中壢,2023-01-21,68,2,10,,35,48,,68
67,三重,2023-01-21,60,2,11,,32,53,,60
66,冬山,2023-01-21,38,0,3,,10,27,38,20
65,宜蘭,2023-01-21,48,2,3,,18,32,44,48
64,陽明,2023-01-21,54,2,2,,4,2,54,6
63,花蓮,2023-01-21,38,2,5,,18,27,38,31
62,臺東,2023-01-21,42,2,3,,,12,42,22
61,恆春,2023-01-21,46,5,2,,6,0,46,13
60,潮州,2023-01-21,104,12,6,,63,25,104,100
59,屏東,2023-01-21,97,8,6,,60,23,97,92
58,小港,2023-01-21,91,8,6,,57,43,87,91
57,前鎮,2023-01-21,84,8,6,,58,32,,84
56,前金,2023-01-21,93,5,5,,53,25,93,88
54,左營,2023-01-21,90,5,5,,54,28,90,83
53,楠梓,2023-01-21,87,8,3,,53,27,87,75
52,林園,2023-01-21,86,20,5,,66,38,84,86
51,大寮,2023-01-21,101,12,6,,58,35,101,97
50,鳳山,2023-01-21,92,10,8,,58,37,,92
49,仁武,2023-01-21,87,8,5,,55,27,87,85
48,橋頭,2023-01-21,83,8,3,,58,22,80,83
47,美濃,2023-01-21,81,5,5,,52,17,77,81
46,臺南,2023-01-21,89,5,5,,57,27,64,89
45,安南,2023-01-21,88,5,5,,55,18,67,88
44,善化,2023-01-21,71,5,3,,44,18,71,68
43,新營,2023-01-21,78,8,3,,53,22,67,78
42,嘉義,2023-01-21,77,8,5,,55,18,67,77
41,臺西,2023-01-21,84,5,3,,61,17,,84
40,朴子,2023-01-21,76,5,3,,56,10,67,76
39,新港,2023-01-21,81,5,3,,58,17,64,81
85,大城,2023-01-21,72,0,2,,52,5,67,72
84,富貴角,2023-01-21,74,2,2,,42,8,74,54
38,崙背,2023-01-21,78,5,3,,61,13,50,78
37,斗六,2023-01-21,87,5,5,,58,17,64,87
36,南投,2023-01-21,70,5,5,,39,20,49,70
35,二林,2023-01-21,75,8,3,,64,13,51,75
34,線西,2023-01-21,70,10,5,,55,17,,70
33,彰化,2023-01-21,73,2,3,,52,18,49,73
32,西屯,2023-01-21,61,2,3,,38,17,46,61
31,忠明,2023-01-21,61,5,3,,35,18,48,61
30,大里,2023-01-21,64,5,5,,42,23,44,64
29,沙鹿,2023-01-21,66,2,3,,48,10,48,66
28,豐原,2023-01-21,53,5,3,,28,12,27,53
27,三義,2023-01-21,43,2,3,,18,8,43,43
26,苗栗,2023-01-21,60,5,3,,33,15,44,60
25,頭份,2023-01-21,58,5,3,,35,17,,58
24,新竹,2023-01-21,56,2,3,,35,22,44,56
23,竹東,2023-01-21,41,2,3,,16,23,41,39
22,湖口,2023-01-21,60,5,3,,34,28,45,60
21,龍潭,2023-01-21,46,2,3,,22,40,44,46
20,平鎮,2023-01-21,64,5,5,,30,42,46,64
19,觀音,2023-01-21,67,2,3,,47,23,51,67
18,大園,2023-01-21,57,12,3,,35,40,44,57
17,桃園,2023-01-21,71,5,5,,38,50,46,71
16,大同,2023-01-21,56,5,7,,34,52,,56
15,松山,2023-01-21,50,2,3,,23,50,44,46
14,古亭,2023-01-21,46,2,3,,21,35,46,46
13,萬華,2023-01-21,50,2,5,,23,50,43,48
12,中山,2023-01-21,44,5,5,,25,43,42,44
11,士林,2023-01-21,49,2,2,,19,33,49,38
10,淡水,2023-01-21,49,2,3,,18,12,49,30
9,林口,2023-01-21,46,2,3,,19,25,46,37
8,菜寮,2023-01-21,58,5,6,,24,45,44,58
7,新莊,2023-01-21,46,2,3,,28,38,44,46
6,板橋,2023-01-21,58,2,5,,25,43,44,58
1,基隆,2023-01-21,52,5,5,,29,27,42,52
5,土城,2023-01-21,43,2,5,,20,40,43,41
4,新店,2023-01-21,44,2,5,,14,23,44,31
3,萬里,2023-01-21,58,5,2,,43,13,54,58
2,汐止,2023-01-21,43,2,3,,23,40,40,43
80,關山,2023-01-21,40,5,2,,9,12,40,38
83,麥寮,2023-01-21,80,5,3,,60,10,,80
84,富貴角,2023-01-22,49,2,2,,36,13,44,49
85,大城,2023-01-22,48,2,2,,35,8,44,48
1,基隆,2023-01-22,56,5,3,,26,22,36,56
2,汐止,2023-01-22,73,20,5,,31,43,32,73
3,萬里,2023-01-22,50,12,2,,36,13,37,50
4,新店,2023-01-22,63,10,3,,25,32,41,63
5,土城,2023-01-22,62,8,5,,29,45,37,62
6,板橋,2023-01-22,72,8,5,,27,42,35,72
7,新莊,2023-01-22,55,2,3,,27,38,36,55
8,菜寮,2023-01-22,73,10,3,,30,37,38,73
9,林口,2023-01-22,43,2,2,,18,37,33,43
10,淡水,2023-01-22,60,2,3,,29,32,34,60
11,士林,2023-01-22,74,5,5,,32,38,36,74
12,中山,2023-01-22,65,12,6,,32,37,31,65
13,萬華,2023-01-22,67,12,5,,27,43,34,67
14,古亭,2023-01-22,62,8,3,,23,32,38,62
15,松山,2023-01-22,72,12,5,,30,32,34,72
16,大同,2023-01-22,78,10,7,,38,48,,78
17,桃園,2023-01-22,67,10,3,,32,40,37,67
18,大園,2023-01-22,54,5,2,,31,22,37,54
19,觀音,2023-01-22,56,2,1,,36,13,37,56
20,平鎮,2023-01-22,67,8,3,,29,47,35,67
21,龍潭,2023-01-22,64,2,3,,26,45,35,64
22,湖口,2023-01-22,64,2,3,,35,30,36,64
23,竹東,2023-01-22,56,2,5,,26,30,33,56
24,新竹,2023-01-22,61,2,5,,36,43,32,61
25,頭份,2023-01-22,72,5,3,,39,40,,72
26,苗栗,2023-01-22,67,5,3,,33,33,33,67
27,三義,2023-01-22,38,2,2,,13,13,38,33
28,豐原,2023-01-22,44,2,2,,17,12,26,44
29,沙鹿,2023-01-22,51,2,3,,30,23,38,51
30,大里,2023-01-22,53,5,3,,29,32,39,53
31,忠明,2023-01-22,50,2,3,,22,45,41,50
32,西屯,2023-01-22,44,0,2,,23,23,40,44
33,彰化,2023-01-22,60,2,6,,35,51,37,60
34,線西,2023-01-22,63,12,3,,38,37,,63
35,二林,2023-01-22,72,8,5,,51,22,37,72
36,南投,2023-01-22,71,2,3,,41,35,43,71
37,斗六,2023-01-22,79,5,3,,52,27,44,79
38,崙背,2023-01-22,80,2,3,,52,20,37,80
39,新港,2023-01-22,78,5,3,,52,17,42,78
40,朴子,2023-01-22,73,2,3,,44,13,42,73
41,臺西,2023-01-22,68,8,3,,37,25,,68
42,嘉義,2023-01-22,74,5,5,,50,28,45,74
43,新營,2023-01-22,76,5,3,,47,27,44,76
44,善化,2023-01-22,71,5,3,,42,15,44,71
45,安南,2023-01-22,84,5,3,,47,18,44,84
46,臺南,2023-01-22,90,2,5,,47,23,43,90
47,美濃,2023-01-22,75,2,3,,41,17,51,75
48,橋頭,2023-01-22,88,5,3,,56,17,48,88
49,仁武,2023-01-22,93,10,3,,57,30,61,93
50,鳳山,2023-01-22,89,8,7,,54,33,,89
51,大寮,2023-01-22,87,40,3,,50,22,48,87
52,林園,2023-01-22,79,35,3,,56,25,67,79
53,楠梓,2023-01-22,82,5,3,,53,17,58,82
54,左營,2023-01-22,94,5,5,,58,22,51,94
56,前金,2023-01-22,98,5,5,,54,20,54,98
57,前鎮,2023-01-22,91,5,5,,56,30,,91
58,小港,2023-01-22,90,5,5,,51,28,61,90
59,屏東,2023-01-22,83,10,5,,46,22,71,83
60,潮州,2023-01-22,76,2,3,,45,17,50,76
61,恆春,2023-01-22,44,5,1,,24,0,44,33
62,臺東,2023-01-22,40,2,3,,,18,36,40
63,花蓮,2023-01-22,37,2,3,,19,18,37,36
64,陽明,2023-01-22,39,2,2,,8,7,39,12
65,宜蘭,2023-01-22,44,5,3,,24,27,38,44
66,冬山,2023-01-22,44,2,3,,24,20,36,44
67,三重,2023-01-22,77,8,9,,35,52,,77
68,中壢,2023-01-22,68,5,8,,33,52,,68
69,竹山,2023-01-22,79,2,3,,45,25,45,79
70,永和,2023-01-22,75,5,8,,32,40,,75
71,復興,2023-01-22,87,5,6,,54,27,,87
72,埔里,2023-01-22,72,5,5,,33,15,46,72
75,馬祖,2023-01-22,59,2,5,,20,18,31,59
77,金門,2023-01-22,182,8,6,,108,32,17,182
78,馬公,2023-01-22,40,2,2,,20,8,40,37
80,關山,2023-01-22,48,2,2,,18,10,34,48
83,麥寮,2023-01-22,62,2,2,,39,15,,62
40,朴子,2023-01-23,65,2,2,,35,15,38,65
1,基隆,2023-01-23,31,2,3,,15,20,31,26
2,汐止,2023-01-23,28,5,2,,9,25,28,21
3,萬里,2023-01-23,32,2,2,,24,10,32,20
4,新店,2023-01-23,29,5,3,,12,22,28,29
5,土城,2023-01-23,35,8,5,,17,35,30,28
6,板橋,2023-01-23,41,5,5,,16,30,27,41
7,新莊,2023-01-23,37,5,3,,17,37,31,31
8,菜寮,2023-01-23,44,8,5,,17,35,29,44
9,林口,2023-01-23,32,2,2,,14,28,32,23
10,淡水,2023-01-23,33,2,3,,17,20,31,33
11,士林,2023-01-23,52,5,5,,18,30,28,52
12,中山,2023-01-23,35,5,5,,16,35,24,31
13,萬華,2023-01-23,40,5,6,,16,37,26,40
14,古亭,2023-01-23,30,2,2,,10,20,30,27
15,松山,2023-01-23,28,2,3,,12,23,27,28
16,大同,2023-01-23,52,8,9,,25,52,,51
17,桃園,2023-01-23,39,2,3,,20,35,30,39
18,大園,2023-01-23,33,2,2,,21,18,33,27
19,觀音,2023-01-23,34,0,2,,23,10,34,31
20,平鎮,2023-01-23,36,5,2,,20,23,31,36
21,龍潭,2023-01-23,42,2,2,,19,28,28,42
22,湖口,2023-01-23,32,5,2,,22,13,32,30
23,竹東,2023-01-23,53,0,3,,21,23,28,53
24,新竹,2023-01-23,31,2,2,,24,17,30,31
25,頭份,2023-01-23,37,10,2,,24,18,,37
26,苗栗,2023-01-23,49,5,2,,25,22,30,49
27,三義,2023-01-23,42,2,3,,19,13,27,42
28,豐原,2023-01-23,43,5,2,,19,12,18,43
29,沙鹿,2023-01-23,46,2,2,,30,13,33,46
30,大里,2023-01-23,54,2,5,,31,35,31,54
31,忠明,2023-01-23,54,2,3,,26,33,32,54
32,西屯,2023-01-23,56,2,2,,30,22,32,56
33,彰化,2023-01-23,60,2,3,,34,28,33,60
34,線西,2023-01-23,51,10,6,,33,20,,51
35,二林,2023-01-23,52,5,5,,44,17,35,52
36,南投,2023-01-23,56,2,3,,29,23,31,56
37,斗六,2023-01-23,70,2,3,,41,23,36,70
38,崙背,2023-01-23,73,2,3,,43,18,33,73
39,新港,2023-01-23,72,2,3,,44,18,37,72
41,臺西,2023-01-23,45,5,2,,27,22,,45
42,嘉義,2023-01-23,65,5,3,,41,27,36,65
43,新營,2023-01-23,69,5,3,,42,33,37,69
44,善化,2023-01-23,63,2,3,,33,18,38,63
45,安南,2023-01-23,71,5,3,,39,18,37,71
46,臺南,2023-01-23,71,2,5,,38,28,38,71
47,美濃,2023-01-23,65,2,3,,39,15,44,65
48,橋頭,2023-01-23,64,5,3,,41,20,41,64
49,仁武,2023-01-23,70,5,3,,41,23,42,70
50,鳳山,2023-01-23,67,5,6,,41,28,,67
51,大寮,2023-01-23,68,12,3,,40,25,50,68
52,林園,2023-01-23,63,15,5,,47,35,37,63
53,楠梓,2023-01-23,60,5,3,,39,22,43,60
54,左營,2023-01-23,65,2,3,,41,23,41,65
56,前金,2023-01-23,70,2,3,,40,20,43,70
57,前鎮,2023-01-23,67,5,5,,44,27,,67
58,小港,2023-01-23,74,5,5,,39,32,43,74
59,屏東,2023-01-23,77,18,5,,43,20,48,77
60,潮州,2023-01-23,71,8,3,,42,20,47,71
61,恆春,2023-01-23,35,0,1,,7,0,35,12
62,臺東,2023-01-23,31,2,2,,14,10,31,27
63,花蓮,2023-01-23,33,2,2,,13,15,33,21
64,陽明,2023-01-23,36,2,2,,2,2,36,2
65,宜蘭,2023-01-23,35,2,2,,14,12,32,35
66,冬山,2023-01-23,34,0,2,,13,17,34,16
67,三重,2023-01-23,51,5,10,,21,51,,45
68,中壢,2023-01-23,44,2,3,,25,38,,44
69,竹山,2023-01-23,60,2,3,,33,23,34,60
70,永和,2023-01-23,39,5,6,,16,30,,39
71,復興,2023-01-23,65,2,5,,42,30,,65
72,埔里,2023-01-23,56,2,3,,28,25,33,56
75,馬祖,2023-01-23,62,2,2,,23,5,34,62
77,金門,2023-01-23,62,2,3,,24,17,37,62
78,馬公,2023-01-23,45,2,2,,27,5,35,45
80,關山,2023-01-23,33,0,2,,9,8,28,33
83,麥寮,2023-01-23,48,2,2,,32,15,,48
84,富貴角,2023-01-23,41,0,1,,41,3,41,26
85,大城,2023-01-23,40,0,2,,25,7,39,40
1,基隆,2023-01-24,64,2,3,,42,12,39,64
2,汐止,2023-01-24,55,5,3,,33,8,36,55
3,萬里,2023-01-24,105,2,3,,73,3,40,105
4,新店,2023-01-24,51,2,5,,31,13,35,51
5,土城,2023-01-24,45,2,5,,35,10,36,45
6,板橋,2023-01-24,62,2,5,,34,12,35,62
7,新莊,2023-01-24,60,2,3,,41,5,37,60
8,菜寮,2023-01-24,60,2,5,,33,10,36,60
9,林口,2023-01-24,57,5,3,,34,5,36,57
10,淡水,2023-01-24,58,2,3,,36,5,36,58
11,士林,2023-01-24,52,2,3,,30,7,37,52
12,中山,2023-01-24,51,2,5,,33,22,33,51
13,萬華,2023-01-24,56,2,5,,31,18,33,56
14,古亭,2023-01-24,55,0,3,,30,12,36,55
15,松山,2023-01-24,51,0,3,,32,10,37,51
16,大同,2023-01-24,58,5,6,,38,27,,58
17,桃園,2023-01-24,60,2,5,,36,12,35,60
18,大園,2023-01-24,61,5,3,,40,13,36,61
19,觀音,2023-01-24,65,0,3,,46,5,38,65
20,平鎮,2023-01-24,64,5,5,,37,12,35,64
21,龍潭,2023-01-24,55,0,3,,31,12,34,55
22,湖口,2023-01-24,59,2,3,,36,7,37,59
23,竹東,2023-01-24,52,0,3,,30,7,38,52
24,新竹,2023-01-24,59,5,5,,37,12,34,59
25,頭份,2023-01-24,55,5,3,,35,7,,55
26,苗栗,2023-01-24,57,2,3,,36,5,37,57
27,三義,2023-01-24,44,2,3,,27,5,37,44
28,豐原,2023-01-24,46,2,3,,26,5,27,46
29,沙鹿,2023-01-24,56,2,3,,54,5,37,56
30,大里,2023-01-24,35,2,5,,33,10,33,35
31,忠明,2023-01-24,49,2,5,,39,10,36,49
32,西屯,2023-01-24,53,0,3,,53,7,38,48
33,彰化,2023-01-24,54,0,5,,54,8,36,50
34,線西,2023-01-24,62,5,5,,62,10,,60
35,二林,2023-01-24,153,5,3,,153,8,38,59
36,南投,2023-01-24,47,2,5,,39,17,34,47
37,斗六,2023-01-24,76,0,3,,76,7,36,51
38,崙背,2023-01-24,129,2,5,,129,7,36,68
39,新港,2023-01-24,102,2,3,,102,8,39,54
40,朴子,2023-01-24,118,2,3,,118,8,40,62
41,臺西,2023-01-24,62,5,3,,61,5,,62
42,嘉義,2023-01-24,61,2,3,,61,12,38,45
43,新營,2023-01-24,75,2,3,,75,12,39,50
44,善化,2023-01-24,88,2,3,,88,12,39,46
45,安南,2023-01-24,111,0,5,,111,10,40,60
46,臺南,2023-01-24,94,0,5,,94,18,40,58
47,美濃,2023-01-24,52,2,5,,46,15,38,52
48,橋頭,2023-01-24,77,2,3,,77,12,38,52
49,仁武,2023-01-24,64,2,3,,64,15,40,56
50,鳳山,2023-01-24,59,2,6,,59,22,,50
51,大寮,2023-01-24,54,2,3,,54,20,42,53
52,林園,2023-01-24,59,8,5,,59,28,37,50
53,楠梓,2023-01-24,67,2,3,,67,15,41,46
54,左營,2023-01-24,71,2,5,,71,15,38,55
56,前金,2023-01-24,65,2,5,,65,13,42,57
57,前鎮,2023-01-24,70,2,5,,70,15,,53
58,小港,2023-01-24,61,2,5,,61,20,42,57
59,屏東,2023-01-24,55,0,5,,50,15,40,55
60,潮州,2023-01-24,55,5,5,,50,17,39,55
61,恆春,2023-01-24,39,2,2,,10,2,39,25
62,臺東,2023-01-24,37,0,3,,20,5,37,28
63,花蓮,2023-01-24,37,5,3,,32,8,37,34
64,陽明,2023-01-24,39,0,5,,24,3,39,32
65,宜蘭,2023-01-24,53,2,3,,29,5,36,53
66,冬山,2023-01-24,45,0,5,,29,13,37,45
67,三重,2023-01-24,58,2,6,,37,43,,58
68,中壢,2023-01-24,62,0,5,,40,28,,62
69,竹山,2023-01-24,38,2,3,,32,15,38,38
70,永和,2023-01-24,58,0,6,,34,27,,58
71,復興,2023-01-24,62,0,5,,62,17,,52
72,埔里,2023-01-24,36,2,3,,19,13,25,36
75,馬祖,2023-01-24,64,0,3,,33,5,39,64
77,金門,2023-01-24,49,2,3,,27,7,39,49
78,馬公,2023-01-24,50,0,3,,34,3,42,50
80,關山,2023-01-24,33,5,3,,11,7,33,32
83,麥寮,2023-01-24,97,5,3,,97,10,,65
84,富貴角,2023-01-24,79,0,3,,79,3,44,79
85,大城,2023-01-24,72,0,3,,53,5,40,72
1,基隆,2023-01-25,36,5,2,,22,18,36,32
2,汐止,2023-01-25,32,5,2,,17,23,32,30
3,萬里,2023-01-25,42,5,2,,42,17,37,40
4,新店,2023-01-25,33,2,2,,16,15,33,25
5,土城,2023-01-25,33,2,2,,16,17,33,19
6,板橋,2023-01-25,36,2,2,,18,22,31,36
7,新莊,2023-01-25,34,0,2,,21,13,34,29
8,菜寮,2023-01-25,34,2,2,,15,18,34,31
9,林口,2023-01-25,34,2,2,,16,10,34,27
10,淡水,2023-01-25,34,2,2,,17,7,34,24
11,士林,2023-01-25,34,2,2,,16,8,34,26
12,中山,2023-01-25,32,0,2,,19,30,32,25
13,萬華,2023-01-25,32,2,2,,16,30,32,31
14,古亭,2023-01-25,33,2,1,,14,17,33,30
15,松山,2023-01-25,34,2,2,,18,25,34,24
16,大同,2023-01-25,38,5,3,,27,38,,37
17,桃園,2023-01-25,34,2,2,,16,13,34,29
18,大園,2023-01-25,34,5,2,,18,18,34,30
19,觀音,2023-01-25,35,5,2,,22,12,35,33
20,平鎮,2023-01-25,36,2,2,,15,17,34,36
21,龍潭,2023-01-25,35,2,1,,13,17,35,25
22,湖口,2023-01-25,34,2,2,,20,13,34,30
23,竹東,2023-01-25,36,2,2,,15,13,36,30
24,新竹,2023-01-25,34,2,2,,18,20,34,31
25,頭份,2023-01-25,27,5,2,,17,23,,27
26,苗栗,2023-01-25,36,5,2,,17,23,36,36
27,三義,2023-01-25,36,2,2,,16,17,36,31
28,豐原,2023-01-25,39,5,2,,21,23,28,39
29,沙鹿,2023-01-25,37,2,2,,24,23,37,33
30,大里,2023-01-25,39,2,3,,25,28,39,35
31,忠明,2023-01-25,39,2,3,,22,32,39,37
32,西屯,2023-01-25,40,0,2,,23,30,40,35
33,彰化,2023-01-25,39,2,2,,27,22,39,39
34,線西,2023-01-25,35,8,2,,26,18,,35
35,二林,2023-01-25,41,8,2,,31,10,41,32
36,南投,2023-01-25,53,5,3,,30,23,44,53
37,斗六,2023-01-25,52,2,3,,39,23,44,52
38,崙背,2023-01-25,44,5,2,,28,12,41,44
39,新港,2023-01-25,44,8,2,,32,15,43,44
40,朴子,2023-01-25,51,5,2,,32,12,42,51
41,臺西,2023-01-25,44,10,3,,30,18,,44
42,嘉義,2023-01-25,50,5,3,,38,25,44,50
43,新營,2023-01-25,48,5,3,,34,18,44,48
44,善化,2023-01-25,51,8,2,,32,23,45,51
45,安南,2023-01-25,56,2,3,,36,15,45,56
46,臺南,2023-01-25,58,2,5,,39,25,44,58
47,美濃,2023-01-25,61,2,3,,42,12,49,61
48,橋頭,2023-01-25,60,8,3,,45,18,45,60
49,仁武,2023-01-25,63,5,3,,43,23,45,63
50,鳳山,2023-01-25,64,5,6,,45,28,,64
51,大寮,2023-01-25,64,20,5,,43,35,44,64
52,林園,2023-01-25,58,22,3,,49,33,45,58
53,楠梓,2023-01-25,56,8,3,,43,20,46,56
54,左營,2023-01-25,61,5,3,,45,28,46,61
56,前金,2023-01-25,67,5,3,,44,27,47,67
57,前鎮,2023-01-25,58,5,3,,48,27,,58
58,小港,2023-01-25,68,5,3,,43,32,46,68
59,屏東,2023-01-25,69,10,5,,47,18,51,69
60,潮州,2023-01-25,68,8,3,,47,22,48,68
61,恆春,2023-01-25,40,2,2,,5,2,40,12
62,臺東,2023-01-25,34,2,3,,17,17,34,30
63,花蓮,2023-01-25,33,5,3,,18,25,32,33
64,陽明,2023-01-25,37,2,2,,12,3,37,18
65,宜蘭,2023-01-25,37,2,2,,18,13,34,37
66,冬山,2023-01-25,36,2,2,,17,13,35,36
67,三重,2023-01-25,47,2,7,,21,47,,32
68,中壢,2023-01-25,35,2,7,,21,33,,35
69,竹山,2023-01-25,54,5,2,,35,15,45,54
70,永和,2023-01-25,31,0,2,,18,15,,31
71,復興,2023-01-25,60,2,5,,45,32,,60
72,埔里,2023-01-25,55,2,5,,35,12,44,55
75,馬祖,2023-01-25,73,0,2,,33,5,38,73
77,金門,2023-01-25,75,2,2,,41,8,36,75
78,馬公,2023-01-25,48,0,2,,32,3,39,48
80,關山,2023-01-25,43,8,2,,17,10,33,43
83,麥寮,2023-01-25,42,8,3,,31,12,,42
84,富貴角,2023-01-25,55,2,1,,55,5,41,48
85,大城,2023-01-25,42,8,3,,31,18,42,36
40,朴子,2023-01-26,60,5,2,,35,17,39,60
1,基隆,2023-01-26,31,5,5,,16,27,31,26
2,汐止,2023-01-26,47,5,5,,21,47,28,44
3,萬里,2023-01-26,35,2,2,,16,12,35,18
4,新店,2023-01-26,33,2,3,,16,32,33,24
5,土城,2023-01-26,37,5,3,,17,37,32,27
6,板橋,2023-01-26,38,5,5,,15,33,31,38
7,新莊,2023-01-26,32,2,3,,17,23,32,24
8,菜寮,2023-01-26,39,5,5,,14,30,31,39
9,林口,2023-01-26,35,5,2,,12,25,35,22
10,淡水,2023-01-26,30,8,3,,14,28,30,18
11,士林,2023-01-26,32,5,3,,15,32,32,27
12,中山,2023-01-26,40,5,6,,19,40,24,32
13,萬華,2023-01-26,34,2,5,,15,33,29,34
14,古亭,2023-01-26,33,2,3,,14,23,32,33
15,松山,2023-01-26,43,5,5,,19,43,29,34
16,大同,2023-01-26,45,8,9,,23,45,,39
17,桃園,2023-01-26,34,2,3,,15,30,31,34
18,大園,2023-01-26,33,5,2,,18,33,33,31
19,觀音,2023-01-26,38,5,2,,20,22,36,38
20,平鎮,2023-01-26,41,2,3,,18,40,29,41
21,龍潭,2023-01-26,38,0,2,,17,25,29,38
22,湖口,2023-01-26,36,5,2,,22,25,32,36
23,竹東,2023-01-26,39,2,2,,20,18,28,39
24,新竹,2023-01-26,38,5,3,,22,32,30,38
25,頭份,2023-01-26,40,5,3,,21,27,,40
26,苗栗,2023-01-26,46,2,3,,24,25,31,46
27,三義,2023-01-26,43,2,5,,20,25,31,43
28,豐原,2023-01-26,49,5,3,,25,27,21,49
29,沙鹿,2023-01-26,43,2,3,,27,42,31,43
30,大里,2023-01-26,64,5,5,,37,35,33,64
31,忠明,2023-01-26,50,5,3,,26,42,35,50
32,西屯,2023-01-26,47,2,3,,27,42,34,47
33,彰化,2023-01-26,55,2,3,,31,28,31,55
34,線西,2023-01-26,44,5,3,,28,33,,44
35,二林,2023-01-26,55,5,3,,42,25,33,55
36,南投,2023-01-26,60,5,3,,34,35,40,60
37,斗六,2023-01-26,64,5,3,,44,22,42,64
38,崙背,2023-01-26,61,5,3,,38,27,33,61
39,新港,2023-01-26,61,5,3,,42,25,38,61
41,臺西,2023-01-26,47,5,2,,30,22,,47
42,嘉義,2023-01-26,60,5,5,,41,28,44,60
43,新營,2023-01-26,61,8,3,,41,32,43,61
44,善化,2023-01-26,61,8,3,,36,25,45,61
45,安南,2023-01-26,62,5,3,,37,28,43,62
46,臺南,2023-01-26,66,5,6,,39,42,41,66
47,美濃,2023-01-26,47,2,3,,27,18,47,47
48,橋頭,2023-01-26,66,5,3,,45,23,47,66
49,仁武,2023-01-26,70,15,3,,43,33,49,70
50,鳳山,2023-01-26,65,5,7,,41,40,,65
51,大寮,2023-01-26,67,30,3,,37,28,51,67
52,林園,2023-01-26,58,20,3,,43,40,50,58
53,楠梓,2023-01-26,65,5,3,,40,30,49,65
54,左營,2023-01-26,68,2,5,,45,32,48,68
56,前金,2023-01-26,70,5,5,,43,30,51,70
57,前鎮,2023-01-26,65,5,6,,46,35,,65
58,小港,2023-01-26,70,5,5,,40,40,58,70
59,屏東,2023-01-26,59,2,5,,36,30,47,59
60,潮州,2023-01-26,54,2,3,,32,20,48,54
61,恆春,2023-01-26,40,2,1,,1,0,40,7
62,臺東,2023-01-26,35,2,2,,11,30,35,15
63,花蓮,2023-01-26,37,0,2,,11,25,37,20
64,陽明,2023-01-26,38,2,2,,9,8,38,10
65,宜蘭,2023-01-26,36,2,2,,12,12,36,31
66,冬山,2023-01-26,36,0,2,,14,15,36,23
67,三重,2023-01-26,55,8,10,,20,55,,39
68,中壢,2023-01-26,47,2,7,,23,47,,41
69,竹山,2023-01-26,58,2,3,,35,35,47,58
70,永和,2023-01-26,42,2,7,,18,42,,35
71,復興,2023-01-26,70,5,6,,48,38,,70
72,埔里,2023-01-26,44,5,3,,21,23,44,38
75,馬祖,2023-01-26,45,12,5,,16,15,38,45
77,金門,2023-01-26,53,5,2,,23,17,39,53
78,馬公,2023-01-26,40,0,1,,25,7,40,36
80,關山,2023-01-26,31,2,2,,10,15,31,26
83,麥寮,2023-01-26,53,5,2,,35,20,,53
84,富貴角,2023-01-26,44,0,2,,34,13,44,20
85,大城,2023-01-26,38,2,2,,29,18,38,36
1,基隆,2023-01-27,70,2,3,,52,23,44,70
2,汐止,2023-01-27,65,5,3,,47,37,42,65
3,萬里,2023-01-27,83,2,3,,80,3,45,83
4,新店,2023-01-27,61,5,3,,44,23,40,61
5,土城,2023-01-27,59,2,3,,44,30,40,59
6,板橋,2023-01-27,69,2,3,,47,35,37,69
7,新莊,2023-01-27,66,2,2,,52,15,42,66
8,菜寮,2023-01-27,70,2,3,,46,25,41,70
9,林口,2023-01-27,63,2,3,,47,8,44,63
10,淡水,2023-01-27,64,2,3,,45,20,44,64
11,士林,2023-01-27,66,2,3,,45,25,43,66
12,中山,2023-01-27,63,2,5,,47,33,38,63
13,萬華,2023-01-27,70,2,5,,44,38,36,70
14,古亭,2023-01-27,71,2,3,,44,27,40,71
15,松山,2023-01-27,68,2,3,,48,43,43,68
16,大同,2023-01-27,70,5,7,,55,40,,70
17,桃園,2023-01-27,70,2,3,,48,30,39,70
18,大園,2023-01-27,65,5,2,,51,28,42,65
19,觀音,2023-01-27,68,8,2,,56,12,44,68
20,平鎮,2023-01-27,73,2,3,,47,45,40,73
21,龍潭,2023-01-27,67,2,2,,43,23,40,67
22,湖口,2023-01-27,67,2,3,,49,18,42,67
23,竹東,2023-01-27,63,0,3,,43,15,43,63
24,新竹,2023-01-27,66,5,3,,48,25,40,66
25,頭份,2023-01-27,63,8,3,,45,23,,63
26,苗栗,2023-01-27,65,2,2,,47,18,43,65
27,三義,2023-01-27,61,2,3,,37,8,43,61
28,豐原,2023-01-27,57,2,3,,33,7,30,57
29,沙鹿,2023-01-27,63,2,3,,51,10,42,63
30,大里,2023-01-27,50,2,3,,36,23,35,50
31,忠明,2023-01-27,61,5,3,,39,15,38,61
32,西屯,2023-01-27,59,2,3,,46,12,42,59
33,彰化,2023-01-27,63,2,3,,,22,39,63
34,線西,2023-01-27,66,8,5,,56,18,,66
35,二林,2023-01-27,101,5,3,,101,13,41,63
36,南投,2023-01-27,64,2,3,,41,28,38,64
37,斗六,2023-01-27,66,2,3,,55,20,42,66
38,崙背,2023-01-27,74,5,3,,68,15,39,74
39,新港,2023-01-27,79,2,3,,79,13,43,67
40,朴子,2023-01-27,76,5,3,,76,13,43,71
41,臺西,2023-01-27,69,2,3,,51,10,,69
42,嘉義,2023-01-27,63,10,3,,48,23,43,63
43,新營,2023-01-27,67,5,3,,58,28,43,67
44,善化,2023-01-27,66,5,3,,56,27,44,66
45,安南,2023-01-27,75,2,3,,70,25,43,75
46,臺南,2023-01-27,75,2,5,,62,27,43,75
47,美濃,2023-01-27,62,2,3,,40,12,45,62
48,橋頭,2023-01-27,71,2,3,,65,25,43,71
49,仁武,2023-01-27,77,8,3,,59,30,44,77
50,鳳山,2023-01-27,75,5,6,,56,32,,75
51,大寮,2023-01-27,70,2,3,,53,25,46,70
52,林園,2023-01-27,70,10,5,,58,40,41,70
53,楠梓,2023-01-27,69,2,3,,59,30,44,69
54,左營,2023-01-27,71,2,3,,67,30,44,71
56,前金,2023-01-27,77,2,3,,62,28,45,77
57,前鎮,2023-01-27,69,5,5,,62,25,,69
58,小港,2023-01-27,73,5,5,,54,30,45,73
59,屏東,2023-01-27,65,2,3,,47,22,45,65
60,潮州,2023-01-27,78,2,3,,52,20,48,78
61,恆春,2023-01-27,41,2,2,,5,2,41,19
62,臺東,2023-01-27,36,2,3,,17,8,36,28
63,花蓮,2023-01-27,44,5,3,,31,12,41,44
64,陽明,2023-01-27,54,2,3,,39,3,44,54
65,宜蘭,2023-01-27,60,5,3,,37,7,42,60
66,冬山,2023-01-27,59,2,3,,40,17,40,59
67,三重,2023-01-27,70,2,8,,50,53,,70
68,中壢,2023-01-27,72,2,6,,51,35,,72
69,竹山,2023-01-27,64,2,3,,39,30,42,64
70,永和,2023-01-27,69,2,6,,48,42,,69
71,復興,2023-01-27,71,2,5,,60,27,,71
72,埔里,2023-01-27,41,2,3,,24,12,41,41
75,馬祖,2023-01-27,75,2,3,,45,7,47,75
77,金門,2023-01-27,77,2,3,,47,13,44,77
78,馬公,2023-01-27,62,2,2,,39,5,46,62
80,關山,2023-01-27,35,5,3,,12,10,35,33
83,麥寮,2023-01-27,70,5,3,,64,18,,70
84,富貴角,2023-01-27,78,0,2,,75,3,51,78
85,大城,2023-01-27,65,2,2,,60,10,44,65
1,基隆,2023-01-28,57,5,2,,42,8,43,57
2,汐止,2023-01-28,53,2,3,,38,33,37,53
3,萬里,2023-01-28,74,2,2,,74,3,45,64
4,新店,2023-01-28,52,2,2,,38,15,38,52
5,土城,2023-01-28,50,2,3,,39,15,37,50
6,板橋,2023-01-28,59,2,5,,38,37,36,59
7,新莊,2023-01-28,58,2,3,,42,23,37,58
8,菜寮,2023-01-28,58,2,5,,36,35,37,58
9,林口,2023-01-28,51,2,3,,37,22,38,51
10,淡水,2023-01-28,51,2,3,,36,22,39,51
11,士林,2023-01-28,53,2,2,,38,23,38,53
12,中山,2023-01-28,54,5,5,,40,40,36,54
13,萬華,2023-01-28,60,2,5,,36,50,35,60
14,古亭,2023-01-28,57,2,2,,37,25,37,57
15,松山,2023-01-28,57,2,3,,38,30,39,57
16,大同,2023-01-28,64,8,7,,49,57,,64
17,桃園,2023-01-28,56,2,3,,37,28,36,56
18,大園,2023-01-28,53,8,2,,40,30,38,53
19,觀音,2023-01-28,54,10,2,,46,17,41,54
20,平鎮,2023-01-28,65,2,3,,39,30,36,65
21,龍潭,2023-01-28,56,2,1,,35,13,39,56
22,湖口,2023-01-28,55,2,2,,38,22,40,55
23,竹東,2023-01-28,53,2,2,,37,8,39,53
24,新竹,2023-01-28,56,5,3,,41,23,36,56
25,頭份,2023-01-28,52,5,2,,39,17,,52
26,苗栗,2023-01-28,54,2,2,,38,18,39,54
27,三義,2023-01-28,53,2,2,,34,5,39,53
28,豐原,2023-01-28,56,2,2,,34,7,29,56
29,沙鹿,2023-01-28,61,5,2,,48,13,39,61
30,大里,2023-01-28,45,2,3,,36,23,36,45
31,忠明,2023-01-28,58,5,3,,39,20,38,58
32,西屯,2023-01-28,55,2,2,,41,8,40,55
33,彰化,2023-01-28,59,2,2,,42,15,38,59
34,線西,2023-01-28,59,8,3,,49,18,,59
35,二林,2023-01-28,64,5,3,,64,10,40,58
36,南投,2023-01-28,60,5,3,,40,30,36,60
37,斗六,2023-01-28,64,2,3,,48,12,41,64
38,崙背,2023-01-28,67,5,3,,56,13,38,67
39,新港,2023-01-28,63,5,3,,55,12,41,63
40,朴子,2023-01-28,67,5,3,,56,18,43,67
41,臺西,2023-01-28,65,5,2,,57,8,,65
42,嘉義,2023-01-28,61,25,3,,46,18,41,61
43,新營,2023-01-28,63,5,3,,50,17,42,63
44,善化,2023-01-28,64,5,3,,45,27,43,64
45,安南,2023-01-28,72,2,3,,55,18,44,72
46,臺南,2023-01-28,70,2,5,,54,25,42,70
47,美濃,2023-01-28,80,5,3,,51,15,48,80
48,橋頭,2023-01-28,76,5,3,,57,23,44,76
49,仁武,2023-01-28,77,2,3,,54,22,45,77
50,鳳山,2023-01-28,75,8,7,,55,37,,75
51,大寮,2023-01-28,78,10,5,,52,30,45,78
52,林園,2023-01-28,74,18,5,,60,38,46,74
53,楠梓,2023-01-28,72,5,3,,55,23,45,72
54,左營,2023-01-28,71,2,3,,55,25,46,71
56,前金,2023-01-28,76,2,3,,52,23,47,76
57,前鎮,2023-01-28,70,2,5,,59,28,,70
58,小港,2023-01-28,79,2,5,,55,30,46,79
59,屏東,2023-01-28,81,10,5,,55,22,47,81
60,潮州,2023-01-28,90,12,5,,60,27,49,90
61,恆春,2023-01-28,42,2,2,,13,2,42,32
62,臺東,2023-01-28,45,0,2,,25,10,37,45
63,花蓮,2023-01-28,55,5,3,,36,15,34,55
64,陽明,2023-01-28,46,2,2,,35,3,44,46
65,宜蘭,2023-01-28,57,5,2,,37,7,35,57
66,冬山,2023-01-28,56,2,2,,41,12,36,56
67,三重,2023-01-28,60,5,11,,42,57,,60
68,中壢,2023-01-28,60,2,6,,43,40,,60
69,竹山,2023-01-28,61,2,3,,40,17,40,61
70,永和,2023-01-28,57,2,5,,41,30,,57
71,復興,2023-01-28,72,2,5,,55,30,,72
72,埔里,2023-01-28,62,2,3,,36,17,38,62
75,馬祖,2023-01-28,79,2,3,,53,7,48,79
77,金門,2023-01-28,74,5,3,,58,8,49,74
78,馬公,2023-01-28,54,2,2,,39,3,47,54
80,關山,2023-01-28,57,5,2,,28,8,35,57
83,麥寮,2023-01-28,65,5,2,,64,17,,65
84,富貴角,2023-01-28,68,0,1,,68,3,50,61
85,大城,2023-01-28,64,2,2,,58,7,44,64
1,基隆,2023-01-29,53,2,3,,35,32,41,53
2,汐止,2023-01-29,53,5,5,,35,47,39,53
3,萬里,2023-01-29,59,0,2,,59,5,44,54
4,新店,2023-01-29,49,2,5,,33,48,40,49
5,土城,2023-01-29,45,5,5,,34,28,40,45
6,板橋,2023-01-29,58,5,5,,33,43,37,58
7,新莊,2023-01-29,57,2,5,,38,57,41,55
8,菜寮,2023-01-29,60,2,5,,33,53,39,60
9,林口,2023-01-29,48,2,3,,33,23,40,48
10,淡水,2023-01-29,43,2,3,,31,18,40,43
11,士林,2023-01-29,49,2,2,,34,30,41,49
12,中山,2023-01-29,57,5,6,,37,57,35,52
13,萬華,2023-01-29,58,5,5,,33,52,36,58
14,古亭,2023-01-29,52,5,3,,32,30,38,52
15,松山,2023-01-29,54,5,5,,36,50,39,54
16,大同,2023-01-29,62,5,6,,46,57,,62
17,桃園,2023-01-29,57,8,5,,36,42,39,57
18,大園,2023-01-29,51,8,2,,37,28,40,51
19,觀音,2023-01-29,52,12,2,,41,18,43,52
20,平鎮,2023-01-29,64,2,5,,35,48,40,64
21,龍潭,2023-01-29,49,2,2,,30,17,41,49
22,湖口,2023-01-29,53,5,2,,36,17,41,53
23,竹東,2023-01-29,44,2,2,,31,12,42,44
24,新竹,2023-01-29,56,2,3,,37,22,40,56
25,頭份,2023-01-29,53,8,3,,34,28,,53
26,苗栗,2023-01-29,57,8,3,,34,22,43,57
27,三義,2023-01-29,53,2,3,,30,15,44,53
28,豐原,2023-01-29,61,8,3,,34,15,31,61
29,沙鹿,2023-01-29,61,5,3,,41,15,44,61
30,大里,2023-01-29,68,8,6,,43,45,44,68
31,忠明,2023-01-29,59,5,3,,35,25,46,59
32,西屯,2023-01-29,60,5,3,,39,22,47,60
33,彰化,2023-01-29,66,5,5,,42,23,45,66
34,線西,2023-01-29,65,10,5,,44,25,,65
35,二林,2023-01-29,61,8,5,,51,18,45,61
36,南投,2023-01-29,76,5,5,,42,35,47,76
37,斗六,2023-01-29,84,5,5,,59,18,48,84
38,崙背,2023-01-29,76,8,3,,50,25,44,76
39,新港,2023-01-29,68,5,5,,50,20,48,68
40,朴子,2023-01-29,66,8,3,,44,12,48,66
41,臺西,2023-01-29,61,5,2,,41,17,,61
42,嘉義,2023-01-29,73,18,5,,52,23,47,73
43,新營,2023-01-29,69,8,3,,48,23,48,69
44,善化,2023-01-29,78,8,3,,46,22,46,78
45,安南,2023-01-29,74,5,3,,47,23,48,74
46,臺南,2023-01-29,78,5,6,,52,42,44,78
47,美濃,2023-01-29,77,2,3,,47,12,51,77
48,橋頭,2023-01-29,83,5,3,,58,25,49,83
49,仁武,2023-01-29,85,5,5,,56,33,47,85
50,鳳山,2023-01-29,88,10,8,,58,50,,88
51,大寮,2023-01-29,81,5,5,,51,30,50,81
52,林園,2023-01-29,80,45,5,,59,40,44,80
53,楠梓,2023-01-29,81,2,3,,55,25,50,81
54,左營,2023-01-29,82,5,5,,57,27,48,82
56,前金,2023-01-29,84,5,5,,55,25,49,84
57,前鎮,2023-01-29,80,5,6,,59,32,,80
58,小港,2023-01-29,87,8,6,,55,43,47,87
59,屏東,2023-01-29,88,5,5,,55,25,58,88
60,潮州,2023-01-29,97,10,5,,57,23,51,97
61,恆春,2023-01-29,44,2,2,,12,0,44,29
62,臺東,2023-01-29,38,2,2,,23,10,38,37
63,花蓮,2023-01-29,45,2,3,,29,23,34,45
64,陽明,2023-01-29,44,2,2,,28,3,44,38
65,宜蘭,2023-01-29,54,2,2,,34,15,39,54
66,冬山,2023-01-29,52,8,2,,34,12,39,52
67,三重,2023-01-29,59,2,11,,38,59,,59
68,中壢,2023-01-29,56,2,7,,38,52,,56
69,竹山,2023-01-29,77,5,5,,46,28,54,77
70,永和,2023-01-29,55,5,5,,37,45,,55
71,復興,2023-01-29,83,2,7,,57,38,,83
72,埔里,2023-01-29,58,2,5,,30,15,47,58
75,馬祖,2023-01-29,85,10,3,,50,10,58,85
77,金門,2023-01-29,68,5,3,,46,12,58,68
78,馬公,2023-01-29,55,2,2,,36,3,54,55
80,關山,2023-01-29,43,2,2,,19,7,39,43
83,麥寮,2023-01-29,64,5,5,,46,22,,64
84,富貴角,2023-01-29,54,0,2,,41,2,54,44
85,大城,2023-01-29,59,2,2,,42,17,49,59
1,基隆,2023-01-30,54,5,8,,30,48,51,54
2,汐止,2023-01-30,50,2,3,,30,48,50,48
3,萬里,2023-01-30,67,2,2,,31,17,67,45
4,新店,2023-01-30,48,2,3,,27,35,48,44
5,土城,2023-01-30,49,5,3,,28,27,49,36
6,板橋,2023-01-30,52,5,3,,27,47,45,52
7,新莊,2023-01-30,52,2,5,,37,52,49,52
8,菜寮,2023-01-30,50,5,3,,26,48,49,50
9,林口,2023-01-30,50,5,2,,28,25,50,40
10,淡水,2023-01-30,52,5,3,,24,52,46,37
11,士林,2023-01-30,50,5,2,,26,17,50,40
12,中山,2023-01-30,59,5,5,,31,59,42,44
13,萬華,2023-01-30,55,5,3,,28,55,43,46
14,古亭,2023-01-30,47,2,2,,28,32,47,47
15,松山,2023-01-30,55,2,3,,32,55,48,47
16,大同,2023-01-30,58,8,6,,40,58,,54
17,桃園,2023-01-30,48,2,3,,29,43,47,48
18,大園,2023-01-30,54,18,2,,30,54,48,41
19,觀音,2023-01-30,53,12,2,,38,35,50,53
20,平鎮,2023-01-30,53,2,3,,29,38,46,53
21,龍潭,2023-01-30,41,0,2,,24,23,41,39
22,湖口,2023-01-30,47,5,3,,31,23,47,46
23,竹東,2023-01-30,44,0,2,,23,20,44,37
24,新竹,2023-01-30,47,2,3,,30,28,44,47
25,頭份,2023-01-30,44,8,3,,29,35,,44
26,苗栗,2023-01-30,53,5,3,,31,42,46,53
27,三義,2023-01-30,49,2,3,,26,30,49,44
28,豐原,2023-01-30,54,5,3,,31,35,31,54
29,沙鹿,2023-01-30,53,5,3,,36,52,51,53
30,大里,2023-01-30,75,5,8,,49,55,44,75
31,忠明,2023-01-30,59,5,6,,36,57,48,59
32,西屯,2023-01-30,56,2,3,,39,53,51,56
33,彰化,2023-01-30,69,2,6,,45,51,49,69
34,線西,2023-01-30,60,12,5,,43,38,,60
35,二林,2023-01-30,63,10,3,,50,28,51,63
36,南投,2023-01-30,81,5,6,,48,48,48,81
37,斗六,2023-01-30,108,8,6,,73,38,51,108
38,崙背,2023-01-30,82,8,3,,54,23,50,82
39,新港,2023-01-30,81,8,5,,57,18,64,81
40,朴子,2023-01-30,79,8,5,,48,23,64,79
41,臺西,2023-01-30,57,5,2,,37,20,,57
42,嘉義,2023-01-30,108,35,6,,69,48,58,108
43,新營,2023-01-30,84,8,5,,56,28,54,84
44,善化,2023-01-30,91,8,5,,54,30,58,91
45,安南,2023-01-30,98,8,6,,59,37,58,98
46,臺南,2023-01-30,103,5,8,,64,54,47,103
47,美濃,2023-01-30,86,2,6,,51,22,67,86
48,橋頭,2023-01-30,94,2,6,,63,43,44,94
49,仁武,2023-01-30,100,15,7,,65,56,67,100
50,鳳山,2023-01-30,95,10,9,,61,55,,95
51,大寮,2023-01-30,109,35,8,,65,54,50,109
52,林園,2023-01-30,92,10,6,,66,38,90,92
53,楠梓,2023-01-30,82,5,6,,58,45,71,82
54,左營,2023-01-30,94,8,7,,63,54,87,94
56,前金,2023-01-30,95,5,7,,60,45,87,95
57,前鎮,2023-01-30,92,10,8,,66,59,,92
58,小港,2023-01-30,105,18,8,,64,57,64,105
59,屏東,2023-01-30,91,5,5,,59,42,74,91
60,潮州,2023-01-30,119,10,6,,64,30,87,119
61,恆春,2023-01-30,54,2,2,,13,2,54,26
62,臺東,2023-01-30,44,2,2,,25,10,44,35
63,花蓮,2023-01-30,44,2,3,,27,33,44,37
64,陽明,2023-01-30,71,5,2,,25,3,71,28
65,宜蘭,2023-01-30,54,2,2,,27,13,54,44
66,冬山,2023-01-30,48,8,2,,27,15,48,36
67,三重,2023-01-30,64,8,11,,34,64,,57
68,中壢,2023-01-30,55,2,9,,37,55,,53
69,竹山,2023-01-30,78,5,5,,45,33,77,78
70,永和,2023-01-30,48,2,5,,29,33,,48
71,復興,2023-01-30,98,8,10,,65,60,,98
72,埔里,2023-01-30,58,5,5,,30,32,58,56
75,馬祖,2023-01-30,84,10,5,,43,15,61,84
77,金門,2023-01-30,106,15,5,,58,40,64,106
78,馬公,2023-01-30,77,2,2,,32,5,77,42
80,關山,2023-01-30,41,2,2,,20,8,40,41
83,麥寮,2023-01-30,78,35,5,,51,28,,78
84,富貴角,2023-01-30,90,2,1,,32,3,90,33
85,大城,2023-01-30,77,2,2,,39,23,77,50
1,基隆,2023-01-31,55,2,7,,30,55,43,51
2,汐止,2023-01-31,69,5,8,,37,69,34,59
3,萬里,2023-01-31,46,8,2,,26,20,46,46
4,新店,2023-01-31,63,8,7,,34,63,45,55
5,土城,2023-01-31,62,10,6,,37,62,50,55
6,板橋,2023-01-31,72,10,9,,37,72,45,66
7,新莊,2023-01-31,61,5,7,,41,58,51,61
8,菜寮,2023-01-31,78,5,10,,39,78,44,71
9,林口,2023-01-31,64,8,6,,39,64,49,61
10,淡水,2023-01-31,64,5,7,,34,64,45,55
11,士林,2023-01-31,62,5,7,,36,62,41,62
12,中山,2023-01-31,75,5,11,,,75,29,65
13,萬華,2023-01-31,74,5,10,,36,74,32,65
14,古亭,2023-01-31,65,5,8,,34,65,41,60
15,松山,2023-01-31,74,8,10,,40,74,34,63
16,大同,2023-01-31,76,8,18,,46,76,,70
17,桃園,2023-01-31,70,10,7,,44,64,58,70
18,大園,2023-01-31,72,12,5,,46,56,58,72
19,觀音,2023-01-31,75,10,3,,46,45,67,75
20,平鎮,2023-01-31,74,8,6,,35,55,74,71
21,龍潭,2023-01-31,77,2,5,,29,47,77,56
22,湖口,2023-01-31,74,5,3,,37,51,74,62
23,竹東,2023-01-31,58,5,3,,28,32,58,47
24,新竹,2023-01-31,64,18,7,,37,60,64,60
25,頭份,2023-01-31,57,8,5,,33,35,,57
26,苗栗,2023-01-31,64,5,3,,33,38,64,57
27,三義,2023-01-31,64,10,3,,34,27,64,53
28,豐原,2023-01-31,63,8,6,,35,33,37,63
29,沙鹿,2023-01-31,82,8,8,,55,62,58,82
30,大里,2023-01-31,77,12,7,,54,62,48,77
31,忠明,2023-01-31,86,10,9,,57,69,54,86
32,西屯,2023-01-31,83,10,7,,59,66,58,83
33,彰化,2023-01-31,95,10,9,,61,55,50,95
34,線西,2023-01-31,90,8,6,,60,53,,90
35,二林,2023-01-31,104,5,6,,75,42,93,104
36,南投,2023-01-31,74,5,6,,45,54,74,73
37,斗六,2023-01-31,104,8,5,,70,30,74,104
38,崙背,2023-01-31,111,5,6,,72,42,77,111
39,新港,2023-01-31,107,12,5,,75,48,80,107
40,朴子,2023-01-31,102,8,5,,64,38,80,102
41,臺西,2023-01-31,94,5,5,,62,35,,94
42,嘉義,2023-01-31,88,30,6,,60,40,77,88
43,新營,2023-01-31,91,8,6,,62,47,67,91
44,善化,2023-01-31,88,12,5,,55,45,67,88
45,安南,2023-01-31,92,8,6,,58,55,67,92
46,臺南,2023-01-31,94,8,9,,59,58,44,94
47,美濃,2023-01-31,93,5,3,,36,18,93,60
48,橋頭,2023-01-31,87,12,5,,60,48,35,87
49,仁武,2023-01-31,84,18,6,,56,63,61,84
50,鳳山,2023-01-31,75,18,9,,47,64,,75
51,大寮,2023-01-31,82,20,6,,53,53,74,82
52,林園,2023-01-31,80,15,5,,51,37,80,67
53,楠梓,2023-01-31,78,5,5,,53,58,71,78
54,左營,2023-01-31,90,8,6,,57,64,90,79
56,前金,2023-01-31,77,8,6,,50,51,67,77
57,前鎮,2023-01-31,72,10,8,,56,62,,72
58,小港,2023-01-31,78,18,7,,47,64,49,78
59,屏東,2023-01-31,100,12,5,,48,52,100,76
60,潮州,2023-01-31,100,12,6,,56,40,100,92
61,恆春,2023-01-31,51,2,1,,14,2,51,23
62,臺東,2023-01-31,46,2,3,,20,25,46,28
63,花蓮,2023-01-31,46,5,2,,22,37,46,32
64,陽明,2023-01-31,51,5,3,,25,18,51,29
65,宜蘭,2023-01-31,44,2,2,,27,17,44,41
66,冬山,2023-01-31,47,0,2,,31,33,47,38
67,三重,2023-01-31,79,5,18,,45,79,,77
68,中壢,2023-01-31,73,12,12,,47,67,,73
69,竹山,2023-01-31,71,5,3,,42,27,71,70
70,永和,2023-01-31,74,2,15,,38,74,,63
71,復興,2023-01-31,77,10,9,,49,64,,77
72,埔里,2023-01-31,90,5,5,,34,25,90,61
75,馬祖,2023-01-31,63,8,6,,33,18,61,63
77,金門,2023-01-31,76,5,3,,44,28,64,76
78,馬公,2023-01-31,87,2,3,,37,18,87,55
80,關山,2023-01-31,42,2,1,,17,12,42,31
83,麥寮,2023-01-31,97,8,5,,63,42,,97
84,富貴角,2023-01-31,100,5,3,,33,28,100,45
85,大城,2023-01-31,97,2,5,,60,32,97,88
